ALMA_source_name,Band,PWV,SB_name,Vel.res.,Ang.res.,RA,Dec,FOV,Int.Time,Total.Time,Cont_sens_mJybeam,Line_sens_10kms_mJybeam,Obs.date,Bandwidth,Freq,Freq.sup.,antenna_arrays
J0137-2430,8,0.45173708,W0134-29_a_08_TE,4848.137122921819,0.19251994486599372,24.409776875,-24.514968166666666,0.003403592964538838,423.36,57186.491504,0.24385558144003655,5.976676361499372,2017-11-08,1875000000.0,468.3440280269603,"[467.41..469.28GHz,7812.01kHz,6mJy/beam@10km/s,545.5uJy/beam@native, XX YY] U [469.16..471.03GHz,7812.01kHz,5.1mJy/beam@10km/s,468.6uJy/beam@native, XX YY] U [479.30..481.17GHz,7812.01kHz,5.1mJy/beam@10km/s,473.5uJy/beam@native, XX YY] U [481.18..483.05GHz,7812.01kHz,5.1mJy/beam@10km/s,474.5uJy/beam@native, XX YY]",A007:DV22 A015:DV18 A017:DA57 A021:DA59 A029:DA49 A031:DV08 A033:DV19 A035:DA52 A037:DV12 A038:DV07 A046:DA62 A060:DA55 A062:DV05 A064:DA50 A069:DA53 A072:DV01 A073:DA63 A075:DA61 A076:DV13 A077:DV16 A078:DV15 A079:DA43 A081:DV09 A082:DA42 A083:DV25 A084:DV11 A085:DA51 A086:DV14 A087:DV23 A088:DV20 A089:DA60 A090:DA54 A091:DA58 A093:DV21 A094:DV02 A137:DA41 T702:PM02
J2225-0457,7,0.38299283,W2246-05_a_07_TE,6608.31649615571,0.29652356004831,336.44691375,-4.950386333333333,0.0046664898005839926,241.92,56837.332558,0.09951366108728853,2.4787974326391478,2017-11-08,1875000000.0,339.80606009136346,"[338.87..340.74GHz,7812.01kHz,2.5mJy/beam@10km/s,192.7uJy/beam@native, XX YY] U [340.64..342.51GHz,7812.01kHz,2.5mJy/beam@10km/s,193uJy/beam@native, XX YY] U [350.69..352.55GHz,7812.01kHz,2.5mJy/beam@10km/s,194.5uJy/beam@native, XX YY] U [352.50..354.36GHz,7812.01kHz,2.8mJy/beam@10km/s,219.5uJy/beam@native, XX YY]",A007:DV23 A010:DV12 A011:DV22 A016:DA62 A021:DA59 A029:DA49 A033:DV18 A044:DV09 A046:DA48 A056:DV25 A058:DA46 A063:DA54 A067:DV13 A068:DA44 A069:DV16 A070:DA45 A072:DV01 A074:DA47 A075:DA61 A076:DA57 A079:DA41 A080:DA55 A081:DA42 A082:DA51 A083:DV14 A086:DV07 A087:DV02 A089:DV15 A090:DA60 A091:DA43 T701:PM03 T703:PM04
J0217+0144,8,0.59596705,W0220+01_a_08_TE,4942.372066713057,0.21152112132474538,34.453978125,1.747138638888889,0.003470082274577776,302.4,57187.565596,0.30887699212992203,9.996278248646766,2017-11-08,1875000000.0,461.05021057796955,"[458.41..460.28GHz,7812.01kHz,10mJy/beam@10km/s,903.8uJy/beam@native, XX YY] U [460.12..461.98GHz,7812.01kHz,10mJy/beam@10km/s,905.3uJy/beam@native, XX YY] U [470.17..472.03GHz,7812.01kHz,5.4mJy/beam@10km/s,498.4uJy/beam@native, XX YY] U [471.97..473.84GHz,7812.01kHz,5.4mJy/beam@10km/s,499.3uJy/beam@native, XX YY]",A007:DV22 A011:DV04 A015:DV18 A017:DA57 A021:DA59 A030:DA45 A031:DV08 A033:DV19 A035:DA52 A037:DV12 A038:DV07 A046:DA62 A058:DA46 A060:DA55 A062:DV05 A064:DA50 A069:DA53 A070:DA47 A073:DA63 A075:DA61 A076:DV13 A077:DV16 A078:DV15 A079:DA43 A081:DV09 A082:DA42 A083:DV25 A084:DV11 A085:DA51 A086:DV14 A087:DV23 A088:DV20 A089:DA60 A090:DA54 A091:DA58 A093:DV21 A137:DA41 T702:PM02
J2232+1143,8,0.38836884,W0116-05_a_08_TE,4982.67395465296,0.2211748293649679,338.15170375,11.730806694444444,0.003499364994186488,907.2,57181.427799,0.15941003938659087,3.3058507880643067,2017-11-08,1875000000.0,455.4106107125649,"[454.48..456.34GHz,7812.01kHz,3.3mJy/beam@10km/s,297.6uJy/beam@native, XX YY] U [456.24..458.11GHz,7812.01kHz,3.6mJy/beam@10km/s,324.6uJy/beam@native, XX YY] U [466.34..468.21GHz,7812.01kHz,3.6mJy/beam@10km/s,327.9uJy/beam@native, XX YY] U [468.10..469.97GHz,7812.01kHz,3.6mJy/beam@10km/s,328.5uJy/beam@native, XX YY]",A007:DV22 A011:DV04 A015:DV18 A017:DA57 A021:DA59 A029:DA49 A030:DA45 A031:DV08 A033:DV19 A035:DA52 A037:DV12 A038:DV07 A042:DV17 A046:DA62 A060:DA55 A062:DV05 A064:DA50 A068:DA44 A069:DA53 A072:DV01 A073:DA63 A075:DA61 A076:DV13 A077:DV16 A079:DA43 A082:DA42 A083:DV25 A084:DV11 A085:DA51 A086:DV14 A087:DV23 A088:DV20 A089:DA60 A090:DA54 A091:DA58 A093:DV21 A094:DV02 A137:DA41
J0238+166,8,0.4912576,Mrk1014_a_08_TE,2550.998245391172,0.23363012603644168,39.66220877916667,16.616465172222224,0.0034895693169597506,151.2,57179.530316,0.498306786382837,11.151705090573213,2016-08-10,2000000000.0,470.1490958119115,"[455.90..457.77GHz,3904.30kHz,11.2mJy/beam@10km/s,1mJy/beam@native, XX YY] U [456.95..458.82GHz,3904.30kHz,11.2mJy/beam@10km/s,1mJy/beam@native, XX YY] U [467.89..469.87GHz,31250.00kHz,11.2mJy/beam@10km/s,986.2uJy/beam@native, XX YY] U [469.16..471.14GHz,31250.00kHz,11.2mJy/beam@10km/s,987.5uJy/beam@native, XX YY]",A007:DV22 A011:DV04 A015:DV18 A017:DA57 A021:DA59 A029:DA49 A030:DA45 A033:DV19 A035:DA52 A037:DV12 A038:DV07 A042:DV17 A046:DA62 A060:DA55 A062:DV05 A064:DA50 A068:DA44 A069:DA53 A072:DV01 A073:DA63 A074:DV10 A075:DA61 A077:DV16 A079:DA43 A080:DV24 A082:DA42 A083:DV25 A084:DV11 A086:DV14 A087:DV23 A088:DV20 A089:DA60 A090:DA54 A091:DA58 A093:DV21 A094:DV02 A137:DA41
J0108+0135,3,1.7360806,Mrk1014_a_03_TE,2927.1207160060626,0.6057539284764327,17.161546291666664,1.5834214722222224,0.017530093057395134,302.4,57264.190071,0.03460927744314274,1.8126368725906672,2016-11-01,2000000000.0,85.51668989860575,"[84.52..86.51GHz,31250.00kHz,1.8mJy/beam@10km/s,68.5uJy/beam@native, XX YY] U [85.82..87.80GHz,31250.00kHz,1.8mJy/beam@10km/s,68.5uJy/beam@native, XX YY] U [96.57..98.55GHz,31250.00kHz,1.7mJy/beam@10km/s,68.6uJy/beam@native, XX YY] U [98.14..100.01GHz,976.56kHz,1.7mJy/beam@10km/s,71.5uJy/beam@native, XX YY]",A007:DV09 A008:DV08 A011:DV04 A014:DV06 A015:DV18 A021:DA59 A058:DA46 A060:DA55 A069:DA53 A072:DV01 A075:DA61 A076:DV13 A077:DV16 A078:DV15 A080:DV24 A082:DA42 A083:DV25 A084:DV05 A086:DV14 A087:DV23 A089:DA60 A091:DA58 A092:DV12 A093:DV21 A094:DV02 A096:DV10 A097:DA62 A101:DA47 A103:DV03 A104:DA44 A107:DA64 A110:DV22 A112:DV07 A115:DV11 A137:DA41
J2258-2758,3,2.548617,IRAS0100_a_03_TE,2814.0053193231565,0.6371269439955591,344.52484533333336,-27.972571305555554,0.01680469186501619,302.4,56900.112151,0.03827329545182156,1.8401962223127473,2015-11-25,1875000000.0,103.10230661236898,"[88.46..90.45GHz,31250.00kHz,2mJy/beam@10km/s,75.8uJy/beam@native, XX YY] U [89.98..91.96GHz,31250.00kHz,1.9mJy/beam@10km/s,75.8uJy/beam@native, XX YY] U [100.53..102.52GHz,31250.00kHz,1.8mJy/beam@10km/s,76uJy/beam@native, XX YY] U [102.17..104.04GHz,976.56kHz,1.8mJy/beam@10km/s,78.8uJy/beam@native, XX YY]",A007:DV23 A011:DV22 A019:DA63 A031:DV11 A033:DV18 A058:DA46 A062:DV05 A063:DA54 A064:DA56 A072:DV01 A073:DV08 A074:DA47 A075:DA61 A076:DA57 A078:DV04 A079:DA41 A080:DA55 A081:DA42 A082:DA51 A083:DV14 A087:DV02 A089:DV15 A091:DA43 A092:DV09 A093:DV24 A096:DA48 A097:DV13 A101:DA62 A103:DA65 A104:DA50 A134:DV25 A135:DV10 A136:DV16 A138:DV17 T701:PM03 T703:PM04
IRAS_01003-2238,8,0.289317,IRAS_010_a_08_TE,613.1677843838904,0.28184845260867236,15.7079,-22.3658,0.0034438995445703877,241.92,57161.475701,0.36600815299063577,8.160013103700596,2016-07-21,1875000000.0,475.42372503945546,"[461.89..463.87GHz,31250.00kHz,8.2mJy/beam@10km/s,717.3uJy/beam@native, XX YY] U [463.24..465.23GHz,31250.00kHz,8.2mJy/beam@10km/s,718.3uJy/beam@native, XX YY] U [474.49..476.36GHz,976.56kHz,8.2mJy/beam@10km/s,750.4uJy/beam@native, XX YY] U [475.57..477.44GHz,976.56kHz,8.1mJy/beam@10km/s,743.9uJy/beam@native, XX YY]",A007:DV22 A010:DV02 A011:DV04 A015:DV18 A017:DA57 A021:DA59 A029:DA49 A030:DA45 A031:DV08 A033:DV19 A034:DV20 A035:DA52 A036:DA60 A037:DV12 A038:DV07 A042:DV17 A046:DA62 A060:DA55 A062:DV05 A067:DV21 A068:DA44 A069:DA53 A072:DV01 A073:DA63 A074:DV10 A075:DA61 A077:DV16 A078:DV15 A079:DA43 A080:DV24 A081:DV09 A082:DA42 A084:DV11 A085:DA51 A087:DV23 A137:DA41 A138:DV14
J0635-7516,3,0.92859495,IRAS_060_a_03_TE,2717.440055401096,0.6476814815627636,98.94378333333333,-75.27133750000002,0.016185439389292434,60.48,57264.68104,0.07509152918435584,3.5014521948547195,2016-12-01,1875000000.0,106.80541360896098,"[92.13..94.11GHz,31250.00kHz,3.9mJy/beam@10km/s,153.3uJy/beam@native, XX YY] U [93.98..95.97GHz,31250.00kHz,3.7mJy/beam@10km/s,147.4uJy/beam@native, XX YY] U [104.17..106.16GHz,31250.00kHz,3.5mJy/beam@10km/s,147.7uJy/beam@native, XX YY] U [105.87..107.74GHz,976.56kHz,3.5mJy/beam@10km/s,152.6uJy/beam@native, XX YY]",A008:DV08 A011:DV04 A014:DV06 A015:DV18 A021:DA59 A058:DA46 A060:DA55 A069:DA53 A072:DV01 A076:DV13 A077:DV16 A078:DV15 A080:DV24 A082:DA42 A083:DV25 A084:DV05 A086:DV14 A087:DV23 A089:DA60 A091:DA58 A092:DV12 A093:DV21 A094:DV02 A096:DV10 A097:DA62 A101:DA47 A103:DV03 A104:DA44 A107:DA64 A110:DV22 A112:DV07 A115:DV11 A137:DA41 T703:PM04
J2232+1143,8,0.537568,Mrk1014_b_08_TE,633.2754332436306,0.23822931875124467,338.15170375,11.730806694444444,0.003464503187921322,907.2,57176.497382,0.1688822498368797,3.3437270126186354,2016-08-12,2000000000.0,472.69058137561564,"[458.95..460.82GHz,976.56kHz,9mJy/beam@10km/s,813.7uJy/beam@native, XX YY] U [460.37..462.25GHz,976.56kHz,3.3mJy/beam@10km/s,303.1uJy/beam@native, XX YY] U [471.70..473.68GHz,31250.00kHz,3.3mJy/beam@10km/s,296.9uJy/beam@native, XX YY] U [472.82..474.80GHz,31250.00kHz,3.3mJy/beam@10km/s,297.2uJy/beam@native, XX YY]",A007:DV22 A011:DV04 A015:DV18 A017:DA57 A021:DA59 A029:DA49 A030:DA45 A033:DV19 A035:DA52 A037:DV12 A038:DV07 A042:DV17 A046:DA62 A060:DA55 A062:DV05 A064:DA50 A066:DA64 A068:DA44 A069:DA53 A070:DA47 A072:DV01 A073:DA63 A074:DV10 A075:DA61 A076:DV13 A077:DV16 A078:DV15 A079:DA43 A080:DV24 A082:DA42 A083:DV25 A084:DV11 A085:DA51 A086:DV14 A087:DV23 A088:DV20 A089:DA60 A090:DA54 A093:DV21
J0137-2430,8,0.2943988,IRAS_010_b_08_TE,608.5616555407189,0.27816287960859165,24.409776875,-24.514968166666666,0.003416016475350737,120.96,57161.503127,0.3575887124560713,8.546747699409174,2016-07-17,1875000000.0,480.12948942952335,"[465.93..467.92GHz,31250.00kHz,7.8mJy/beam@10km/s,684.4uJy/beam@native, XX YY] U [467.27..469.25GHz,31250.00kHz,7.8mJy/beam@10km/s,685.3uJy/beam@native, XX YY] U [477.68..479.55GHz,976.56kHz,7.8mJy/beam@10km/s,715.5uJy/beam@native, XX YY] U [479.19..481.07GHz,976.56kHz,8.5mJy/beam@10km/s,789.9uJy/beam@native, XX YY]",A007:DV22 A010:DV02 A011:DV04 A015:DV18 A017:DA57 A021:DA59 A029:DA49 A030:DA45 A031:DV08 A033:DV19 A034:DV20 A035:DA52 A036:DA60 A037:DV12 A038:DV07 A042:DV17 A046:DA62 A060:DA55 A062:DV05 A067:DV21 A068:DA44 A069:DA53 A072:DV01 A073:DA63 A074:DV10 A075:DA61 A077:DV16 A078:DV15 A079:DA43 A080:DV24 A081:DV09 A082:DA42 A084:DV11 A085:DA51 A087:DV23 A137:DA41 A138:DV14
IRAS_12071-0444,3,4.045306,IRAS_120_a_03_TE,2839.92315327139,0.5063944100157296,182.438021,-5.020578,0.016959423894754178,120.96,57206.982066,0.05608440253233379,2.658476861471337,2016-09-24,1875000000.0,102.16226290862735,"[87.65..89.63GHz,31250.00kHz,2.9mJy/beam@10km/s,112.9uJy/beam@native, XX YY] U [88.97..90.95GHz,31250.00kHz,2.9mJy/beam@10km/s,112.9uJy/beam@native, XX YY] U [99.60..101.59GHz,31250.00kHz,2.7mJy/beam@10km/s,109.7uJy/beam@native, XX YY] U [101.22..103.10GHz,976.56kHz,2.7mJy/beam@10km/s,113.3uJy/beam@native, XX YY]",A011:DV04 A021:DA59 A029:DA49 A033:DV19 A058:DA46 A060:DA55 A064:DA50 A069:DA53 A072:DV01 A073:DA63 A075:DA61 A076:DV13 A077:DV16 A078:DV15 A079:DA43 A080:DV24 A082:DA42 A083:DV25 A084:DV05 A085:DA51 A086:DV14 A087:DV23 A088:DV20 A089:DA60 A090:DA54 A091:DA58 A092:DV12 A093:DV21 A096:DV10 A097:DA62 A101:DA47 A103:DV03 A104:DA44 A105:DA52 A110:DV22 A112:DV07 A113:DA57 A115:DV11 A135:DA45 A136:DV17
J1229+0203,4,3.0916624,PKS_1345_b_04_TM1,2101.751646507195,0.2116799526220489,187.27791554604877,2.052388338890872,0.010436764380357231,302.4,58101.561787,0.03913243176407293,1.651827878363018,2019-01-26,1875000000.0,161.94646512627588,"[147.08..148.95GHz,1128.91kHz,1.5mJy/beam@10km/s,75.4uJy/beam@native, XX YY] U [148.69..150.56GHz,1128.91kHz,1.5mJy/beam@10km/s,75.5uJy/beam@native, XX YY] U [159.21..161.08GHz,1128.91kHz,1.4mJy/beam@10km/s,75.7uJy/beam@native, XX YY] U [161.01..162.88GHz,1128.91kHz,1.7mJy/beam@10km/s,88.7uJy/beam@native, XX YY]",A007:DV05 A015:DA64 A022:DV23 A024:DA49 A027:DV06 A033:DA53 A042:DV08 A043:DA60 A045:DV01 A047:DV15 A060:DV17 A068:DA65 A069:DV16 A070:DV22 A072:DV20 A073:DA54 A074:DV09 A075:DA52 A076:DA59 A082:DV24 A083:DA48 A085:DA63 A087:DV25 A088:DV04 A089:DA61 A090:DA56 A091:DA58 A092:DV14 A093:DA57 A094:DV19 A096:PM01 A101:DA62 A104:DA51 A108:DA50 A110:DA41 A111:PM02 A115:DA43 A120:DA44 A121:DA55 A122:DV11 A123:DA42 A128:DV13 A129:DA46 A134:DV03 A135:DA45 T702:PM03
J0529-7245,7,0.7412549,IRAS_060_b_07_TM1,970.4217413347308,0.09691562697174134,82.37517571255003,-72.7579187083078,0.004718100702768563,90.72,58099.286543,0.15756890063703188,3.960135357280294,2019-02-27,1875000000.0,335.94208362839413,"[335.01..336.88GHz,1128.91kHz,4mJy/beam@10km/s,306.1uJy/beam@native, XX YY] U [336.96..338.83GHz,1128.91kHz,4.1mJy/beam@10km/s,316.6uJy/beam@native, XX YY] U [347.13..349.00GHz,1128.91kHz,4.1mJy/beam@10km/s,319uJy/beam@native, XX YY] U [348.77..350.65GHz,1128.91kHz,4mJy/beam@10km/s,319.4uJy/beam@native, XX YY]",A007:DV05 A015:DA64 A022:DV23 A027:DV06 A042:DV08 A043:DA60 A045:DV01 A047:DV15 A060:DV17 A068:DA65 A069:DV16 A070:DV22 A072:DV20 A073:DA54 A074:DV09 A075:DA52 A076:DA59 A082:DV24 A083:DA48 A085:DA63 A086:DV12 A087:DV25 A088:DV04 A089:DA61 A090:DA56 A091:DA58 A092:DV14 A094:DV19 A096:PM01 A101:DA62 A104:DA51 A108:DA50 A110:DA41 A111:PM02 A115:DA43 A120:DA44 A121:DA55 A122:DV11 A123:DA42 A126:DV10 A128:DV13 A129:DA46 A133:PM04 A135:DA45 T702:PM03
IRAS_12112+0305,5,2.1037593,IRAS_121_a_05_TM1,1907.3459776238888,0.7061311063768103,183.44198749995888,2.8115250000008074,0.00942475895657098,665.28,58209.119489,0.06011405113985813,2.1072665162763076,2019-04-03,1875000000.0,164.8642118706323,"[163.93..165.80GHz,1128.91kHz,2.1mJy/beam@10km/s,114.1uJy/beam@native, XX YY] U [165.61..167.49GHz,1128.91kHz,2.1mJy/beam@10km/s,114.2uJy/beam@native, XX YY] U [175.76..177.63GHz,1128.91kHz,2.3mJy/beam@10km/s,127.3uJy/beam@native, XX YY] U [177.44..179.31GHz,1128.91kHz,2.3mJy/beam@10km/s,127.4uJy/beam@native, XX YY]",A005:DV25 A006:DA61 A007:DV05 A008:DA42 A010:DA50 A011:DV21 A015:DA64 A022:DV23 A024:DA49 A025:DV02 A026:DA57 A027:DV06 A033:DA53 A034:DA55 A035:DA47 A036:DA45 A040:DA51 A042:DV08 A043:DA60 A044:DV11 A045:DV01 A047:DV15 A048:DA62 A058:DA43 A060:DV17 A068:DA65 A069:DV16 A070:DV22 A072:DV20 A073:DA54 A082:DV24 A083:DA48 A085:DA63 A086:DV12 A088:DV04 A090:DA56 A091:DA58 A092:DV14 T701:PM02 T702:PM03 T704:PM04
J1837-7108,5,1.1418453,Superant_a_05_TM1,1888.2377656394808,0.3987632055225031,279.36964570798557,-71.14543185830051,0.009327839581733815,60.48,58379.958277,0.10783552231054103,7.617481338856547,2019-10-05,1875000000.0,166.62245671043942,"[165.69..167.56GHz,1128.91kHz,7.6mJy/beam@10km/s,414.7uJy/beam@native, XX YY] U [167.38..169.25GHz,1128.91kHz,7.6mJy/beam@10km/s,415uJy/beam@native, XX YY] U [177.55..179.43GHz,1128.91kHz,2.9mJy/beam@10km/s,163.9uJy/beam@native, XX YY] U [179.25..181.12GHz,1128.91kHz,2.9mJy/beam@10km/s,164uJy/beam@native, XX YY]",A001:DV07 A007:DV05 A008:DA42 A015:DA64 A016:DA44 A022:DV23 A024:DA49 A027:DV06 A033:DA53 A035:DA47 A042:DV08 A043:DA60 A044:DV11 A045:DV01 A047:DV15 A049:DV03 A058:DA43 A060:DV17 A062:DV10 A066:DV04 A068:DA65 A072:DV20 A074:DV09 A075:DV18 A076:DA59 A083:DV22 A085:DA63 A086:DV25 A087:DV14 A088:DV24 A089:DA57 A090:DA58 A091:DA56 A092:DV12 A093:DV19 A094:DA61 A101:DA51 A104:DV02 A105:DA50 A108:DA55 A111:DV13 A134:DA45 A135:DA62
IRAS_08572+3915,5,1.2795203,IRAS_085_a_05_TM1,1883.3496095476344,0.43729633160454406,135.1056833333392,39.06506388889201,0.009300439587539946,2358.72,58380.571257,0.03680240024607338,0.9748041758864723,2020-01-31,1875000000.0,167.20416016934018,"[166.27..168.14GHz,1128.91kHz,974.8uJy/beam@10km/s,53.2uJy/beam@native, XX YY] U [167.96..169.83GHz,1128.91kHz,970.5uJy/beam@10km/s,53.2uJy/beam@native, XX YY] U [178.00..179.87GHz,1128.91kHz,4.5mJy/beam@10km/s,253.1uJy/beam@native, XX YY] U [179.69..181.56GHz,1128.91kHz,4.5mJy/beam@10km/s,253.3uJy/beam@native, XX YY]",A001:DV07 A005:DV25 A006:DA61 A007:DV05 A008:DA42 A010:DA50 A011:DV21 A015:DA64 A016:DA44 A022:DV23 A024:DA49 A025:DV02 A026:DA57 A027:DV06 A033:DA53 A034:DA55 A035:DA47 A036:DA45 A040:DA51 A042:DV08 A043:DA60 A044:DV11 A045:DV01 A047:DV15 A048:DA62 A049:DV03 A058:DA43 A060:DV17 A062:DV10 A066:DV04 A068:DA65 A069:DV16 A070:DV22 A072:DV20 A073:DA54 A074:DV09 A075:DV18 A076:DA59 A082:DV24 A083:DA48 A083:DV22 A085:DA63 A086:DV12 A086:DV25 A087:DV14 A088:DV04 A088:DV24 A089:DA57 A090:DA56 A090:DA58 A091:DA56 A091:DA58 A092:DV12 A092:DV14 A093:DV19 A094:DA61 A101:DA51 A104:DV02 A105:DA50 A108:DA55 A111:DV13 A134:DA45 A135:DA62 T701:PM02 T702:PM03 T704:PM04
J0423-0120,5,0.50916785,NGC_1614_a_05_TM1,1808.2877617878673,0.4195190737496647,65.81583635005515,-1.34251820278077,0.008930905355738017,907.2,58373.506081,0.03730534907953678,1.1163423593721127,2019-09-26,1875000000.0,174.1323240887241,"[173.20..175.07GHz,1128.91kHz,1.1mJy/beam@10km/s,62.1uJy/beam@native, XX YY] U [174.96..176.83GHz,1128.91kHz,1.1mJy/beam@10km/s,62.2uJy/beam@native, XX YY] U [185.39..187.26GHz,1128.91kHz,1.7mJy/beam@10km/s,99.8uJy/beam@native, XX YY] U [187.15..189.03GHz,1128.91kHz,1.7mJy/beam@10km/s,99.8uJy/beam@native, XX YY]",A001:DV07 A007:DV05 A008:DA42 A011:DV21 A015:DA64 A016:DA44 A022:DV23 A024:DA49 A027:DV06 A033:DA53 A035:DA47 A043:DA60 A044:DV11 A045:DV01 A047:DV15 A048:DA62 A049:DV03 A050:DV13 A060:DV17 A062:DV10 A066:DV04 A068:DA65 A072:DV20 A074:DV09 A075:DV18 A076:DA59 A083:DV22 A085:DA63 A086:DV25 A087:DV14 A088:DV24 A089:DA57 A090:DA58 A091:DA56 A092:DV12 A093:DV19 A094:DA61 A101:DA51 A105:DA50 A108:DA55 A134:DA45
IRAS_08572+3915,7,0.59788746,IRAS_085_a_07_TM1,984.331558252511,0.13504036838081532,135.10568333333157,39.065063888890585,0.004787820240389508,3356.64,58140.222252,0.051477100030503965,1.272270243421997,2019-03-02,1875000000.0,342.75123516130407,"[329.98..331.86GHz,1128.91kHz,1.4mJy/beam@10km/s,106.8uJy/beam@native, XX YY] U [331.68..333.55GHz,1128.91kHz,1.4mJy/beam@10km/s,107uJy/beam@native, XX YY] U [341.81..343.69GHz,1128.91kHz,1.3mJy/beam@10km/s,99.3uJy/beam@native, XX YY] U [343.81..345.69GHz,1128.91kHz,1.3mJy/beam@10km/s,99.5uJy/beam@native, XX YY]",A001:DV07 A007:DV05 A008:DA42 A015:DA64 A016:DA44 A022:DV23 A023:DA41 A024:DA49 A027:DV06 A033:DA53 A035:DA47 A042:DV08 A043:DA60 A044:DV11 A045:DV01 A047:DV15 A058:DA43 A060:DV17 A062:DV10 A068:DA65 A069:DV16 A070:DV22 A072:DV20 A073:DA54 A074:DV09 A075:DA52 A076:DA59 A082:DV24 A083:DA48 A085:DA63 A087:DV25 A088:DV04 A089:DA61 A090:DA56 A091:DA58 A092:DV14 A093:DA57 A094:DV19 A096:DA55 A096:PM01 A101:DA62 A104:DA51 A105:DV02 A108:DA50 A110:DA41 A111:DA46 A115:DA43 A116:DV07 A120:DA44 A121:DA55 A122:DV11 A123:DA42 A128:DV13 A134:DV03 A135:DA45 T702:PM03
J1203-1612,4,3.0354812,IRAS_121_b_04_TM1,2104.99559631193,0.1838765818801788,180.9723771500229,-16.21482089444571,0.010436884394888792,120.96,58101.517065,0.04782797444978674,1.7095161588409464,2019-01-23,1875000000.0,160.00178609395283,"[147.32..149.19GHz,1128.91kHz,2mJy/beam@10km/s,100.8uJy/beam@native, XX YY] U [148.90..150.77GHz,1128.91kHz,2mJy/beam@10km/s,100.8uJy/beam@native, XX YY] U [159.06..160.94GHz,1128.91kHz,1.7mJy/beam@10km/s,91.2uJy/beam@native, XX YY] U [160.76..162.64GHz,1128.91kHz,1.7mJy/beam@10km/s,91.3uJy/beam@native, XX YY]",A007:DV05 A015:DA64 A022:DV23 A024:DA49 A027:DV06 A033:DA53 A042:DV08 A043:DA60 A045:DV01 A047:DV15 A060:DV17 A068:DA65 A069:DV16 A070:DV22 A072:DV20 A073:DA54 A074:DV09 A075:DA52 A076:DA59 A082:DV24 A083:DA48 A085:DA63 A087:DV25 A088:DV04 A089:DA61 A090:DA56 A091:DA58 A092:DV14 A093:DA57 A094:DV19 A096:PM01 A101:DA62 A104:DA51 A105:DV02 A108:DA50 A110:DA41 A111:PM02 A115:DA43 A116:DV07 A120:DA44 A121:DA55 A122:DV11 A123:DA42 A128:DV13 A129:DA46 A133:PM04 A134:DV03 A135:DA45 T702:PM03
J0423-0120,5,0.5132561,NGC_1614_b_05_TM1,1768.2076583747582,0.43015686380538537,65.81583635005855,-1.3425182027811953,0.008725817444652036,907.2,58373.532393,0.029917925646149104,1.2207243469650142,2019-09-26,1875000000.0,178.40359439126578,"[177.47..179.34GHz,1128.91kHz,1.2mJy/beam@10km/s,68.8uJy/beam@native, XX YY] U [179.27..181.15GHz,1128.91kHz,1.2mJy/beam@10km/s,68.8uJy/beam@native, XX YY] U [189.63..191.51GHz,1128.91kHz,921.2uJy/beam@10km/s,53.6uJy/beam@native, XX YY] U [191.40..193.27GHz,1128.91kHz,917.7uJy/beam@10km/s,53.7uJy/beam@native, XX YY]",A001:DV07 A007:DV05 A008:DA42 A011:DV21 A015:DA64 A016:DA44 A022:DV23 A024:DA49 A027:DV06 A033:DA53 A035:DA47 A043:DA60 A044:DV11 A045:DV01 A047:DV15 A048:DA62 A049:DV03 A050:DV13 A060:DV17 A062:DV10 A066:DV04 A068:DA65 A072:DV20 A074:DV09 A075:DV18 A076:DA59 A083:DV22 A085:DA63 A086:DV25 A087:DV14 A088:DV24 A089:DA57 A090:DA58 A091:DA56 A092:DV12 A093:DV19 A094:DA61 A101:DA51 A105:DA50 A108:DA55 A134:DA45
J1229+0203,4,3.6742947,PKS_1345_a_04_TM1,2136.3804859028346,0.23383165601104047,187.27791554605827,2.0523883388918223,0.010617796951766437,302.4,58101.601721,0.04565063547324283,1.7492331920662403,2019-01-27,1875000000.0,157.7218720465647,"[144.40..146.27GHz,1128.91kHz,1.8mJy/beam@10km/s,90uJy/beam@native, XX YY] U [146.02..147.89GHz,1128.91kHz,1.8mJy/beam@10km/s,90uJy/beam@native, XX YY] U [156.78..158.66GHz,1128.91kHz,1.7mJy/beam@10km/s,92.7uJy/beam@native, XX YY] U [158.40..160.27GHz,1128.91kHz,1.7mJy/beam@10km/s,92.7uJy/beam@native, XX YY]",A007:DV05 A015:DA64 A022:DV23 A024:DA49 A027:DV06 A033:DA53 A042:DV08 A043:DA60 A045:DV01 A047:DV15 A060:DV17 A068:DA65 A069:DV16 A070:DV22 A072:DV20 A073:DA54 A074:DV09 A075:DA52 A076:DA59 A082:DV24 A083:DA48 A085:DA63 A087:DV25 A088:DV04 A089:DA61 A090:DA56 A091:DA58 A092:DV14 A093:DA57 A094:DV19 A096:PM01 A101:DA62 A104:DA51 A108:DA50 A110:DA41 A111:PM02 A115:DA43 A120:DA44 A121:DA55 A122:DV11 A123:DA42 A128:DV13 A129:DA46 A134:DV03 A135:DA45 T702:PM03
J1837-7108,5,1.0750666,Superant_b_05_TM1,1842.7275924854343,0.38838511218623467,279.3696457080006,-71.14543185829997,0.009104736727110048,151.2,58379.998598,0.06512890805965277,2.393398482397485,2019-10-08,1875000000.0,170.69371160635814,"[169.76..171.63GHz,1128.91kHz,2.4mJy/beam@10km/s,131.9uJy/beam@native, XX YY] U [171.57..173.44GHz,1128.91kHz,2.5mJy/beam@10km/s,138.8uJy/beam@native, XX YY] U [181.99..183.86GHz,1128.91kHz,2.2mJy/beam@10km/s,125.8uJy/beam@native, XX YY] U [183.68..185.55GHz,1128.91kHz,2.2mJy/beam@10km/s,125.9uJy/beam@native, XX YY]",A001:DV07 A007:DV05 A008:DA42 A015:DA64 A016:DA44 A022:DV23 A024:DA49 A027:DV06 A033:DA53 A035:DA47 A042:DV08 A043:DA60 A044:DV11 A045:DV01 A047:DV15 A049:DV03 A058:DA43 A060:DV17 A062:DV10 A066:DV04 A068:DA65 A072:DV20 A074:DV09 A075:DV18 A076:DA59 A083:DV22 A085:DA63 A086:DV25 A087:DV14 A088:DV24 A089:DA57 A090:DA58 A091:DA56 A092:DV12 A093:DV19 A094:DA61 A101:DA51 A104:DV02 A105:DA50 A108:DA55 A111:DV13 A134:DA45 A135:DA62
J1220+0203,5,1.0840111,IRAS_121_b_05_TM1,1862.381858039975,0.6048037492449234,185.04951907904203,2.061729202780602,0.009201643009820758,60.48,58367.811963,0.11451373226338299,30.836151166187797,2019-09-12,1875000000.0,168.89960796705194,"[167.96..169.84GHz,1128.91kHz,30.8mJy/beam@10km/s,1.7mJy/beam@native, XX YY] U [169.77..171.65GHz,1128.91kHz,30.7mJy/beam@10km/s,1.7mJy/beam@native, XX YY] U [180.04..181.92GHz,1128.91kHz,2.9mJy/beam@10km/s,162.6uJy/beam@native, XX YY] U [181.73..183.60GHz,1128.91kHz,2.9mJy/beam@10km/s,162.7uJy/beam@native, XX YY]",A001:DV07 A007:DV05 A008:DA42 A010:DA50 A011:DV21 A015:DA64 A016:DA44 A022:DV23 A024:DA49 A025:DV02 A027:DV06 A033:DA53 A034:DA55 A035:DA47 A036:DA45 A040:DA51 A043:DA60 A044:DV11 A045:DV01 A047:DV15 A048:DA62 A049:DV03 A050:DV13 A058:DA43 A060:DV17 A062:DV10 A068:DA65 A072:DV20 A073:DA54 A074:DV09 A075:DV18 A076:DA59 A083:DV22 A085:DA63 A086:DV25 A087:DV14 A088:DV24 A089:DA57 A090:DA58 A091:DA56 A092:DV12 A093:DV19 A094:DA61
J0601-7036,5,0.18456167,IRAS_060_b_05_TM1,1873.6531388051887,0.39187806642758966,90.29686532080989,-70.60244228610026,0.00925637992159757,120.96,58382.465881,0.049734261520804644,2.4632339563623837,2019-10-02,1875000000.0,167.90838090741062,"[166.97..168.85GHz,1128.91kHz,2.5mJy/beam@10km/s,134.6uJy/beam@native, XX YY] U [168.77..170.65GHz,1128.91kHz,2.5mJy/beam@10km/s,134.7uJy/beam@native, XX YY] U [178.97..180.84GHz,1128.91kHz,1.5mJy/beam@10km/s,82.4uJy/beam@native, XX YY] U [180.64..182.51GHz,1128.91kHz,1.5mJy/beam@10km/s,82.5uJy/beam@native, XX YY]",A001:DV07 A007:DV05 A008:DA42 A015:DA64 A016:DA44 A022:DV23 A024:DA49 A027:DV06 A033:DA53 A035:DA47 A042:DV08 A043:DA60 A044:DV11 A047:DV15 A049:DV03 A058:DA43 A060:DV17 A062:DV10 A066:DV04 A068:DA65 A070:DA48 A072:DV20 A074:DV09 A075:DV18 A076:DA59 A083:DV22 A085:DA63 A086:DV25 A087:DV14 A088:DV24 A089:DA57 A090:DA58 A091:DA56 A092:DV12 A093:DV19 A094:DA61 A101:DA51 A104:DV02 A105:DA50 A108:DA55 A111:DV13 A134:DA45 A135:DA62
J1359+0159,4,3.1121588,IRAS_135_a_04_TM1,2164.934007374902,0.20562685837955014,209.86312218333276,1.9984897333333278,0.010758920972001158,90.72,58101.55415,0.06229250436556507,2.3834487987799364,2019-01-23,1875000000.0,155.67196664422244,"[142.49..144.37GHz,1128.91kHz,2.4mJy/beam@10km/s,123.7uJy/beam@native, XX YY] U [144.07..145.94GHz,1128.91kHz,2.4mJy/beam@10km/s,123.8uJy/beam@native, XX YY] U [154.74..156.61GHz,1128.91kHz,2.4mJy/beam@10km/s,125.4uJy/beam@native, XX YY] U [156.31..158.18GHz,1128.91kHz,2.4mJy/beam@10km/s,125.5uJy/beam@native, XX YY]",A007:DV05 A015:DA64 A022:DV23 A024:DA49 A027:DV06 A033:DA53 A042:DV08 A043:DA60 A045:DV01 A047:DV15 A060:DV17 A068:DA65 A069:DV16 A070:DV22 A072:DV20 A073:DA54 A074:DV09 A075:DA52 A076:DA59 A082:DV24 A083:DA48 A085:DA63 A087:DV25 A088:DV04 A089:DA61 A090:DA56 A091:DA58 A092:DV14 A093:DA57 A094:DV19 A096:PM01 A101:DA62 A104:DA51 A108:DA50 A110:DA41 A111:PM02 A115:DA43 A120:DA44 A121:DA55 A122:DV11 A123:DA42 A128:DV13 A129:DA46 A134:DV03 A135:DA45 T702:PM03
IRAS_06035-7102,7,0.61621255,IRAS_060_a_07_TM1,1027.634406324455,0.12389851172396121,90.7252750000412,-71.0529111111151,0.0050026330263712926,876.96,58113.251626,0.06874463691959713,2.251529426379933,2019-01-31,1875000000.0,328.4139400377526,"[315.43..317.30GHz,1128.91kHz,1.6mJy/beam@10km/s,117.7uJy/beam@native, XX YY] U [317.10..318.97GHz,1128.91kHz,1.6mJy/beam@10km/s,117.9uJy/beam@native, XX YY] U [327.48..329.35GHz,1128.91kHz,2.3mJy/beam@10km/s,172.1uJy/beam@native, XX YY] U [329.35..331.23GHz,1128.91kHz,2.2mJy/beam@10km/s,172.3uJy/beam@native, XX YY]",A007:DV05 A015:DA64 A022:DV23 A024:DA49 A027:DV06 A033:DA53 A035:DA47 A042:DV08 A043:DA60 A045:DV01 A047:DV15 A060:DV17 A062:DV10 A068:DA65 A069:DV16 A070:DV22 A072:DV20 A073:DA54 A074:DV09 A075:DA52 A076:DA59 A082:DV24 A083:DA48 A085:DA63 A087:DV25 A088:DV04 A089:DA61 A090:DA56 A091:DA58 A092:DV14 A094:DV19 A096:PM01 A101:DA62 A104:DA51 A108:DA50 A110:DA41 A111:DA46 A115:DA43 A116:DV07 A120:DA44 A121:DA55 A122:DV11 A123:DA42 A128:DV13 A134:DV03 A135:DA45
J1203-1612,4,2.5225868,IRAS_121_a_04_TM1,2158.930963732392,0.20647289793925938,180.97237714997192,-16.214820894446362,0.010728225808782646,60.48,58102.418959,0.07064456173671468,2.6941562932885006,2019-02-27,1875000000.0,156.1081138735725,"[142.92..144.79GHz,1128.91kHz,2.8mJy/beam@10km/s,140.5uJy/beam@native, XX YY] U [144.49..146.37GHz,1128.91kHz,2.8mJy/beam@10km/s,140.6uJy/beam@native, XX YY] U [155.17..157.05GHz,1128.91kHz,2.7mJy/beam@10km/s,142uJy/beam@native, XX YY] U [156.75..158.62GHz,1128.91kHz,2.7mJy/beam@10km/s,142.1uJy/beam@native, XX YY]",A007:DV05 A015:DA64 A022:DV23 A024:DA49 A027:DV06 A033:DA53 A042:DV08 A043:DA60 A045:DV01 A060:DV17 A068:DA65 A069:DV16 A070:DV22 A072:DV20 A073:DA54 A074:DV09 A075:DA52 A076:DA59 A082:DV24 A083:DA48 A085:DA63 A087:DV25 A088:DV04 A089:DA61 A090:DA56 A091:DA58 A092:DV14 A093:DA57 A096:PM01 A101:DA62 A104:DA51 A105:DV02 A108:DA50 A110:DA41 A111:PM02 A115:DA43 A116:DV07 A120:DA44 A121:DA55 A122:DV11 A123:DA42 A128:DV13 A134:DV03 A135:DA45 T702:PM03
J0916+3854,5,0.31361005,IRAS_085_b_05_TM1,1836.0827092061852,0.4599832212573457,139.20376909995622,38.90781840000951,0.00907287823198222,151.2,58380.537689,0.34004038232524947,9.924210479968515,2019-10-05,1875000000.0,171.30220664037955,"[170.37..172.24GHz,1128.91kHz,9.9mJy/beam@10km/s,547.9uJy/beam@native, XX YY] U [172.17..174.04GHz,1128.91kHz,9.9mJy/beam@10km/s,548.2uJy/beam@native, XX YY] U [182.62..184.49GHz,1128.91kHz,71.9mJy/beam@10km/s,4.1mJy/beam@native, XX YY] U [184.31..186.19GHz,1128.91kHz,12.5mJy/beam@10km/s,719.7uJy/beam@native, XX YY]",A001:DV07 A007:DV05 A008:DA42 A015:DA64 A016:DA44 A022:DV23 A027:DV06 A033:DA53 A042:DV08 A043:DA60 A044:DV11 A045:DV01 A047:DV15 A049:DV03 A058:DA43 A060:DV17 A062:DV10 A066:DV04 A068:DA65 A072:DV20 A074:DV09 A075:DV18 A076:DA59 A083:DV22 A085:DA63 A086:DV25 A087:DV14 A088:DV24 A089:DA57 A090:DA58 A091:DA56 A092:DV12 A093:DV19 A094:DA61 A101:DA51 A104:DV02 A105:DA50 A108:DA55 A111:DV13 A134:DA45 A135:DA62
IRAS_22491-1808,5,0.52123374,IRAS_224_b_05_TM1,1870.415787056256,0.3483833813404066,342.9554458333592,-17.873322222222324,0.00924057926002215,453.6,58381.192438,0.024973407938004243,2.024253493299578,2019-10-04,1875000000.0,168.19878740694378,"[167.26..169.14GHz,1128.91kHz,2mJy/beam@10km/s,110.7uJy/beam@native, XX YY] U [169.06..170.94GHz,1128.91kHz,805.1uJy/beam@10km/s,44.3uJy/beam@native, XX YY] U [179.27..181.15GHz,1128.91kHz,785uJy/beam@10km/s,44.4uJy/beam@native, XX YY] U [180.95..182.82GHz,1128.91kHz,781.9uJy/beam@10km/s,44.5uJy/beam@native, XX YY]",A001:DV07 A007:DV05 A008:DA42 A015:DA64 A016:DA44 A022:DV23 A024:DA49 A027:DV06 A033:DA53 A035:DA47 A042:DV08 A043:DA60 A044:DV11 A045:DV01 A047:DV15 A049:DV03 A058:DA43 A060:DV17 A062:DV10 A066:DV04 A068:DA65 A072:DV20 A074:DV09 A075:DV18 A076:DA59 A083:DV22 A085:DA63 A086:DV25 A087:DV14 A088:DV24 A089:DA57 A090:DA58 A091:DA56 A092:DV12 A093:DV19 A094:DA61 A101:DA51 A104:DV02 A105:DA50 A108:DA55 A111:DV13 A134:DA45 A135:DA62 T701:PM02 T702:PM03 T704:PM04
J1550+0527,5,0.7106168,IRAS_152_b_05_TM1,1831.35958228865,0.3451462544305917,237.64695517498748,5.4529023361101725,0.009047873721664936,1814.4,58381.838217,0.033850740433940436,2.9926896374552876,2019-10-01,1875000000.0,171.7975159304187,"[170.86..172.73GHz,1128.91kHz,3mJy/beam@10km/s,165.4uJy/beam@native, XX YY] U [172.66..174.53GHz,1128.91kHz,3mJy/beam@10km/s,165.6uJy/beam@native, XX YY] U [183.10..184.98GHz,1128.91kHz,873.7uJy/beam@10km/s,50uJy/beam@native, XX YY] U [184.81..186.68GHz,1128.91kHz,870.3uJy/beam@10km/s,50uJy/beam@native, XX YY]",A001:DV07 A007:DV05 A008:DA42 A010:DA50 A011:DV21 A015:DA64 A016:DA44 A022:DV23 A024:DA49 A025:DV02 A026:DA57 A027:DV06 A033:DA53 A034:DA55 A035:DA47 A036:DA45 A039:DV14 A040:DA51 A042:DV08 A043:DA60 A044:DV11 A045:DV01 A047:DV15 A049:DV03 A050:DV13 A058:DA43 A060:DV17 A062:DV10 A066:DV04 A068:DA65 A069:DV16 A070:DA48 A072:DV20 A073:DA54 A074:DV09 A075:DV18 A076:DA59 A083:DV22 A085:DA63 A086:DV25 A087:DV14 A088:DV24 A089:DA57 A090:DA58 A091:DA56 A092:DV12 A093:DV19 A094:DA61 A101:DA51 A104:DV02 A105:DA50 A108:DA55 A111:DV13 A134:DA45 A135:DA62
IRAS_15250+3609,5,1.3643134,IRAS_152_a_05_TM1,1875.5064674418977,0.7948363039069591,231.74760416668406,35.97700833333079,0.009268608277759969,816.48,58361.918368,0.039279651208669324,7.331351033211119,2019-09-04,1875000000.0,167.63732539852282,"[166.70..168.57GHz,1128.91kHz,7.3mJy/beam@10km/s,400.4uJy/beam@native, XX YY] U [168.41..170.28GHz,1128.91kHz,7.3mJy/beam@10km/s,400.6uJy/beam@native, XX YY] U [178.72..180.59GHz,1128.91kHz,991.8uJy/beam@10km/s,56.1uJy/beam@native, XX YY] U [180.45..182.32GHz,1128.91kHz,987.8uJy/beam@10km/s,56.1uJy/beam@native, XX YY]",A001:DV07 A007:DV05 A008:DA42 A010:DA50 A011:DV21 A015:DA64 A016:DA44 A022:DV23 A024:DA49 A025:DV02 A027:DV06 A033:DA53 A034:DA55 A035:DA47 A036:DA45 A040:DA51 A042:DV08 A043:DA60 A044:DV11 A045:DV01 A047:DV15 A048:DA62 A049:DV03 A050:DV13 A058:DA43 A060:DV17 A062:DV10 A066:DV04 A068:DA65 A072:DV20 A073:DA54 A074:DV09 A075:DV18 A076:DA59 A083:DV22 A085:DA63 A088:DV24 A089:DA57 A090:DA58 A091:DA56 A092:DV12 A093:DV19 A094:DA61
J0601-7036,5,0.5287663,IRAS_060_a_05_TM1,1914.9263877867497,0.9573454367386394,90.29686532078203,-70.60244228610091,0.009466177038001483,60.48,58356.490147,0.08050349578039759,2.88450678368961,2019-09-05,1875000000.0,164.0563562714753,"[163.12..164.99GHz,1128.91kHz,2.9mJy/beam@10km/s,155.8uJy/beam@native, XX YY] U [164.80..166.67GHz,1128.91kHz,2.9mJy/beam@10km/s,155.9uJy/beam@native, XX YY] U [175.07..176.94GHz,1128.91kHz,3mJy/beam@10km/s,166.6uJy/beam@native, XX YY] U [176.75..178.62GHz,1128.91kHz,3mJy/beam@10km/s,166.7uJy/beam@native, XX YY]",A001:DV07 A008:DA42 A010:DA50 A011:DV21 A015:DA64 A016:DA44 A017:DA56 A019:DA58 A022:DV23 A024:DA49 A025:DV02 A026:DA57 A027:DV06 A033:DA53 A034:DA55 A035:DA47 A036:DA45 A039:DV14 A040:DA51 A042:DV08 A043:DA60 A044:DV11 A045:DV01 A047:DV15 A049:DV03 A050:DV13 A058:DA43 A060:DV17 A062:DV10 A066:DV04 A069:DV16 A070:DA48 A072:DV20 A073:DA54 A074:DV09 A075:DV18 A076:DA59 A083:DV22 A085:DA63 A088:DV24 A093:DV19 A094:DA61
J1256-0547,4,1.9238662,IRAS_135_b_04_TM1,2111.572662644988,0.2125953613761563,194.04652738705738,-5.789312541674949,0.010468441575826324,604.8,58111.579214,0.035891594027065446,1.3137557738591867,2019-02-17,1875000000.0,159.49699514984107,"[146.89..148.76GHz,1128.91kHz,1.4mJy/beam@10km/s,69.7uJy/beam@native, XX YY] U [148.49..150.37GHz,1128.91kHz,1.4mJy/beam@10km/s,69.7uJy/beam@native, XX YY] U [158.56..160.43GHz,1128.91kHz,1.3mJy/beam@10km/s,70uJy/beam@native, XX YY] U [160.26..162.13GHz,1128.91kHz,1.5mJy/beam@10km/s,78.9uJy/beam@native, XX YY]",A007:DV05 A015:DA64 A022:DV23 A024:DA49 A027:DV06 A033:DA53 A042:DV08 A043:DA60 A045:DV01 A047:DV15 A060:DV17 A062:DV10 A068:DA65 A069:DV16 A070:DV22 A072:DV20 A073:DA54 A074:DV09 A075:DA52 A076:DA59 A082:DV24 A083:DA48 A085:DA63 A087:DV25 A088:DV04 A089:DA61 A090:DA56 A091:DA58 A092:DV14 A093:DA57 A094:DV19 A096:PM01 A101:DA62 A104:DA51 A105:DV02 A108:DA50 A110:DA41 A111:PM02 A115:DA43 A116:DV07 A120:DA44 A121:DA55 A122:DV11 A123:DA42 A128:DV13 A129:DA46 A134:DV03 A135:DA45 T701:PM02 T702:PM03 T704:PM04
J1229+0203,7,0.48245722,PKS_1345_a_07_TM1,1043.541517621739,0.10434974874883785,187.27791554600054,2.052388338889999,0.0050825012048094755,604.8,58111.460376,0.13477606212569576,3.2323478851265404,2019-01-31,1875000000.0,323.3378892445004,"[310.34..312.21GHz,1128.91kHz,4.1mJy/beam@10km/s,302.6uJy/beam@native, XX YY] U [311.95..313.82GHz,1128.91kHz,4.1mJy/beam@10km/s,302.9uJy/beam@native, XX YY] U [322.40..324.27GHz,1128.91kHz,3.2mJy/beam@10km/s,245.2uJy/beam@native, XX YY] U [324.28..326.16GHz,1128.91kHz,3.2mJy/beam@10km/s,245.5uJy/beam@native, XX YY]",A007:DV05 A015:DA64 A022:DV23 A024:DA49 A027:DV06 A033:DA53 A042:DV08 A043:DA60 A045:DV01 A047:DV15 A060:DV17 A062:DV10 A068:DA65 A069:DV16 A070:DV22 A072:DV20 A073:DA54 A074:DV09 A075:DA52 A076:DA59 A082:DV24 A083:DA48 A085:DA63 A087:DV25 A089:DA61 A090:DA56 A091:DA58 A092:DV14 A093:DA57 A094:DV19 A096:PM01 A101:DA62 A104:DA51 A110:DA41 A115:DA43 A116:DV07 A120:DA44 A121:DA55 A122:DV11 A123:DA42 A128:DV13 A134:DV03 A135:DA45 T701:PM02 T702:PM03 T704:PM04
IRAS_22491-1808,5,0.57072765,IRAS_224_a_05_TM1,1915.4771194255115,0.39187981170444997,342.9554458333876,-17.87332222223418,0.00946518903128597,393.12,58381.260534,0.02486854035615204,1.0453105181966544,2019-10-05,1875000000.0,164.1479314397152,"[163.21..165.08GHz,1128.91kHz,1mJy/beam@10km/s,56.5uJy/beam@native, XX YY] U [164.89..166.77GHz,1128.91kHz,880.8uJy/beam@10km/s,47.8uJy/beam@native, XX YY] U [175.01..176.88GHz,1128.91kHz,858.4uJy/beam@10km/s,48uJy/beam@native, XX YY] U [176.69..178.56GHz,1128.91kHz,854.9uJy/beam@10km/s,48.1uJy/beam@native, XX YY]",A001:DV07 A007:DV05 A008:DA42 A015:DA64 A016:DA44 A022:DV23 A024:DA49 A027:DV06 A033:DA53 A035:DA47 A042:DV08 A043:DA60 A044:DV11 A045:DV01 A047:DV15 A049:DV03 A058:DA43 A060:DV17 A062:DV10 A066:DV04 A068:DA65 A072:DV20 A074:DV09 A075:DV18 A076:DA59 A083:DV22 A085:DA63 A086:DV25 A087:DV14 A088:DV24 A089:DA57 A090:DA58 A091:DA56 A092:DV12 A093:DV19 A094:DA61 A101:DA51 A104:DV02 A105:DA50 A108:DA55 A111:DV13 A134:DA45 A135:DA62 T701:PM02 T702:PM03 T704:PM04
J1316-3338,7,0.54785126,IC4280_b_07_TM1,6691.970702008815,0.30247702783076374,199.03327474604095,-33.64977020560777,0.0047021044720805885,60.48,58363.859641,0.14736811832488916,3.715032897330801,2019-10-02,1875000000.0,350.92823334950697,"[336.12..337.99GHz,7812.01kHz,3.8mJy/beam@10km/s,296uJy/beam@native, XX YY] U [337.99..339.86GHz,7812.01kHz,3.8mJy/beam@10km/s,296.4uJy/beam@native, XX YY] U [348.04..349.91GHz,7812.01kHz,3.7mJy/beam@10km/s,293.1uJy/beam@native, XX YY] U [349.99..351.86GHz,7812.01kHz,3.7mJy/beam@10km/s,293.5uJy/beam@native, XX YY]",A001:DV07 A002:DA46 A008:DA42 A010:DA50 A011:DV21 A015:DA64 A016:DA44 A023:DA41 A024:DA49 A025:DV02 A027:DV06 A033:DA53 A034:DA55 A035:DA47 A036:DA45 A040:DA51 A042:DV08 A043:DA60 A044:DV11 A045:DV01 A047:DV15 A049:DV03 A050:DV13 A058:DA43 A060:DV17 A062:DV10 A066:DV04 A068:DA65 A070:DA48 A072:DV20 A074:DV09 A075:DV18 A076:DA59 A082:DA52 A083:DV22 A085:DA63 A086:DV25 A087:DV14 A088:DV24 A089:DA57 A091:DA56 A092:DV12 A093:DV19 A094:DA61
J1337-1257,7,0.8882328,IC4280_b_07_TM2,6692.068759444599,0.74648388170524,204.4157615750164,-12.956859275000525,0.004702154393970191,604.8,58299.016449,0.0517167073804888,1.3149741406161923,2019-12-06,1875000000.0,350.92455913489533,"[336.12..337.99GHz,7812.01kHz,1.3mJy/beam@10km/s,103.1uJy/beam@native, XX YY] U [337.99..339.86GHz,7812.01kHz,1.3mJy/beam@10km/s,103uJy/beam@native, XX YY] U [348.04..349.90GHz,7812.01kHz,1.3mJy/beam@10km/s,103.7uJy/beam@native, XX YY] U [349.99..351.86GHz,7812.01kHz,1.3mJy/beam@10km/s,103.9uJy/beam@native, XX YY]",A001:DV07 A002:DA46 A003:DV12 A004:DA52 A005:DV25 A006:DA61 A007:DV05 A008:DA42 A009:DV18 A010:DA50 A011:DV21 A013:DV24 A015:DA64 A016:DA44 A017:DA56 A018:DV13 A019:DA58 A022:DV23 A023:DA41 A024:DA49 A025:DV02 A027:DV06 A028:DA63 A030:DA59 A031:DA48 A033:DA53 A034:DA55 A036:DA45 A038:DV22 A039:DV14 A040:DA51 A041:DV19 A042:DV08 A043:DA60 A044:DV11 A045:DV01 A046:DA54 A047:DV15 A048:DA62 A049:DV03 A058:DA43 A060:DV17 A062:DV10 A066:DV04 A068:DA65 A069:DV16 A072:DV20 A074:DV09
NGC7591,7,0.59184235,NGC7591_a_07_TM1,6692.686397847251,0.21165440633962937,349.56772916662726,6.585876388890651,0.00470305311348707,302.4,58373.130126,0.07337232808068149,1.8505235222898289,2019-09-28,1875000000.0,350.85782446134033,"[336.05..337.92GHz,7812.01kHz,1.9mJy/beam@10km/s,147.3uJy/beam@native, XX YY] U [337.92..339.79GHz,7812.01kHz,1.9mJy/beam@10km/s,147.5uJy/beam@native, XX YY] U [347.97..349.84GHz,7812.01kHz,1.9mJy/beam@10km/s,146uJy/beam@native, XX YY] U [349.92..351.79GHz,7812.01kHz,1.9mJy/beam@10km/s,146.2uJy/beam@native, XX YY]",A001:DV07 A008:DA42 A011:DV21 A016:DA44 A022:DV23 A023:DA41 A024:DA49 A027:DV06 A033:DA53 A035:DA47 A043:DA60 A044:DV11 A045:DV01 A047:DV15 A048:DA62 A049:DV03 A050:DV13 A058:DA43 A060:DV17 A062:DV10 A066:DV04 A068:DA65 A070:DA48 A072:DV20 A074:DV09 A075:DV18 A076:DA59 A082:DA52 A083:DV22 A085:DA63 A086:DV25 A087:DV14 A088:DV24 A089:DA57 A090:DA58 A091:DA56 A092:DV12 A093:DV19 A094:DA61 A096:DA46 A101:DA51 A105:DA50 A108:DA55 A134:DA45
J0522-3627,7,0.6814888,IRASF060_a_07_TM1,6829.446608715506,0.20855176092433242,80.74160268334667,-36.458569780610944,0.0048001549986958335,604.8,58372.521982,0.05614589350561527,1.4281274562927877,2019-09-17,1875000000.0,343.86323766971225,"[329.13..331.00GHz,7812.01kHz,1.5mJy/beam@10km/s,112.1uJy/beam@native, XX YY] U [330.95..332.82GHz,7812.01kHz,1.5mJy/beam@10km/s,112.3uJy/beam@native, XX YY] U [340.99..342.86GHz,7812.01kHz,1.5mJy/beam@10km/s,113.1uJy/beam@native, XX YY] U [342.93..344.80GHz,7812.01kHz,1.4mJy/beam@10km/s,111.7uJy/beam@native, XX YY]",A001:DV07 A007:DV05 A008:DA42 A015:DA64 A016:DA44 A022:DV23 A023:DA41 A024:DA49 A025:DV02 A027:DV06 A033:DA53 A035:DA47 A043:DA60 A044:DV11 A045:DV01 A048:DA62 A050:DV13 A058:DA43 A060:DV17 A062:DV10 A066:DV04 A068:DA65 A069:DV16 A070:DA48 A072:DV20 A074:DV09 A075:DV18 A076:DA59 A082:DA52 A083:DV22 A085:DA63 A086:DV25 A087:DV14 A088:DV24 A089:DA57 A090:DA58 A091:DA56 A092:DV12 A093:DV19 A094:DA61 A096:DA46 A101:DA51 A105:DA50 A108:DA55 A134:DA45
J0529-0519,7,0.27123904,IRASF051_a_07_TM1,6768.943044012356,0.3263740992276532,82.47305628752149,-5.328227019444777,0.004757773008956642,60.48,58364.502086,0.12774411567348654,3.4459916023072386,2019-12-06,1875000000.0,346.9142845927206,"[332.09..333.95GHz,7812.01kHz,3.2mJy/beam@10km/s,250.1uJy/beam@native, XX YY] U [333.92..335.79GHz,7812.01kHz,3.2mJy/beam@10km/s,250.4uJy/beam@native, XX YY] U [344.04..345.90GHz,7812.01kHz,3.2mJy/beam@10km/s,252.3uJy/beam@native, XX YY] U [345.98..347.85GHz,7812.01kHz,3.4mJy/beam@10km/s,270.7uJy/beam@native, XX YY]",A001:DV07 A002:DA46 A008:DA42 A010:DA50 A011:DV21 A015:DA64 A016:DA44 A022:DV23 A023:DA41 A024:DA49 A027:DV06 A033:DA53 A034:DA55 A035:DA47 A036:DA45 A040:DA51 A042:DV08 A043:DA60 A044:DV11 A045:DV01 A047:DV15 A048:DA62 A049:DV03 A050:DV13 A058:DA43 A060:DV17 A062:DV10 A066:DV04 A068:DA65 A069:DV16 A070:DA48 A072:DV20 A073:DA54 A074:DV09 A075:DV18 A076:DA59 A082:DA52 A083:DV22 A085:DA63 A086:DV25 A087:DV14 A088:DV24 A089:DA57 A091:DA56 A092:DV12 A094:DA61
J2236-1433,7,1.0380965,ESO602-G_a_07_TM2,6745.5007804297675,0.7753910358091219,339.14202982916873,-14.556163758333355,0.004741139822114768,60.48,58296.373406,0.1985450706277788,5.315912189100118,2019-07-12,1875000000.0,348.0917152380944,"[333.29..335.16GHz,7812.01kHz,5mJy/beam@10km/s,389.4uJy/beam@native, XX YY] U [335.16..337.02GHz,7812.01kHz,5mJy/beam@10km/s,389.9uJy/beam@native, XX YY] U [345.21..347.08GHz,7812.01kHz,5mJy/beam@10km/s,392.9uJy/beam@native, XX YY] U [347.16..349.03GHz,7812.01kHz,5.3mJy/beam@10km/s,418.3uJy/beam@native, XX YY]",A001:DV07 A002:DA46 A003:DV12 A004:DA52 A005:DV25 A006:DA61 A007:DV05 A008:DA42 A010:DA50 A011:DV21 A013:DV24 A015:DA64 A016:DA44 A017:DA56 A018:DV13 A019:DA58 A022:DV23 A023:DA41 A024:DA49 A025:DV02 A027:DV06 A028:DA63 A030:DA59 A031:DA48 A033:DA53 A034:DA55 A036:DA45 A038:DV22 A039:DV14 A040:DA51 A041:DV19 A042:DV08 A043:DA60 A044:DV11 A045:DV01 A046:DA54 A047:DV15 A048:DA62 A049:DV03 A058:DA43 A060:DV17 A062:DV10 A066:DV04 A068:DA65 A069:DV16 A072:DV20
ESO602-G025,7,0.76178867,ESO602-G_a_07_TM1,6746.393504385344,0.17839250202772242,337.8561416666909,-19.034454444446073,0.004741122133498509,483.84,58387.155291,0.054602466457352075,1.4154333003256885,2019-10-11,1875000000.0,348.09347928088766,"[333.29..335.16GHz,7812.01kHz,1.4mJy/beam@10km/s,104.3uJy/beam@native, XX YY] U [335.16..337.02GHz,7812.01kHz,1.4mJy/beam@10km/s,110.4uJy/beam@native, XX YY] U [345.21..347.08GHz,7812.01kHz,1.4mJy/beam@10km/s,111.2uJy/beam@native, XX YY] U [347.16..349.03GHz,7812.01kHz,1.4mJy/beam@10km/s,111.4uJy/beam@native, XX YY]",A007:DV05 A008:DA42 A011:DV21 A015:DA64 A016:DA44 A022:DV23 A024:DA49 A027:DV06 A033:DA53 A035:DA47 A042:DV08 A043:DA60 A044:DV11 A045:DV01 A047:DV15 A049:DV03 A058:DA43 A060:DV17 A062:DV10 A066:DV04 A068:DA65 A069:DV16 A070:DA48 A072:DV20 A074:DV09 A075:DV18 A076:DA59 A082:DA52 A083:DV22 A085:DA63 A086:DV25 A087:DV14 A088:DV24 A089:DA57 A090:DA58 A091:DA56 A092:DV12 A093:DV19 A094:DA61 A096:DA46 A101:DA51 A104:DV02 A105:DA50 A108:DA55 A111:DV13 A134:DA45 A135:DA62 T701:PM02 T702:PM03 T704:PM04
NGC7591,7,0.24447756,NGC7591_a_07_TM2,6692.133654695933,0.7914809978455395,349.5677291666565,6.5858763888889955,0.004703049215755274,302.4,58308.352077,0.05880379919790245,1.6192674053131189,2019-07-17,1875000000.0,350.85782485560566,"[336.05..337.92GHz,7812.01kHz,1.5mJy/beam@10km/s,114.3uJy/beam@native, XX YY] U [337.92..339.79GHz,7812.01kHz,1.5mJy/beam@10km/s,114.4uJy/beam@native, XX YY] U [347.97..349.84GHz,7812.01kHz,1.5mJy/beam@10km/s,115.3uJy/beam@native, XX YY] U [349.92..351.79GHz,7812.01kHz,1.6mJy/beam@10km/s,127.9uJy/beam@native, XX YY]",A001:DV07 A002:DA46 A003:DV12 A004:DA52 A006:DA61 A007:DV05 A008:DA42 A009:DV18 A010:DA50 A011:DV21 A013:DV24 A016:DA44 A017:DA56 A018:DV13 A019:DA58 A022:DV23 A023:DA41 A024:DA49 A025:DV02 A026:DA57 A027:DV06 A028:DA63 A031:DA48 A033:DA53 A034:DA55 A036:DA45 A038:DV22 A039:DV14 A040:DA51 A041:DV19 A042:DV08 A044:DV11 A045:DV01 A046:DA54 A047:DV15 A048:DA62 A049:DV03 A058:DA43 A060:DV17 A062:DV10 A066:DV04 A068:DA65 A069:DV16 A072:DV20 A074:DV09
J1332+0200,7,0.9012035,NGC5104_a_07_TM1,1663.4585556202212,0.30341306125916834,203.22196056199985,2.0126942166699977,0.0047110685961610135,60.48,58201.254718,0.16889712451783326,4.603465452565428,2019-03-28,1875000000.0,350.27451922160253,"[335.46..337.34GHz,1938.48kHz,4.3mJy/beam@10km/s,329.3uJy/beam@native, XX YY] U [337.30..339.17GHz,1938.48kHz,4.3mJy/beam@10km/s,329.7uJy/beam@native, XX YY] U [347.34..349.21GHz,1938.48kHz,4.2mJy/beam@10km/s,332.2uJy/beam@native, XX YY] U [349.34..351.21GHz,1938.48kHz,4.6mJy/beam@10km/s,363.4uJy/beam@native, XX YY]",A001:DV07 A002:DA46 A007:DV05 A008:DA42 A010:DA50 A011:DV21 A015:DA64 A016:DA44 A022:DV23 A023:DA41 A024:DA49 A025:DV02 A027:DV06 A033:DA53 A034:DA55 A035:DA47 A036:DA45 A040:DA51 A042:DV08 A043:DA60 A044:DV11 A045:DV01 A047:DV15 A048:DA62 A049:DV03 A058:DA43 A060:DV17 A062:DV10 A068:DA65 A069:DV16 A072:DV20 A073:DA54 A074:DV09 A075:DA52 A082:DV24 A083:DA48 A085:DA63 A086:DV12 A087:DV25 A088:DV04 A089:DA61 A090:DA56 A091:DA58 A092:DV14 A093:DA57 A094:DV19
J2056-3208,7,0.69126385,NGC6907_a_07_TM2,6654.583658759384,0.7783256161463246,314.10445931696006,-32.14661135560701,0.0046760435630033735,60.48,58275.300716,0.15134459429337055,3.7991508947287564,2019-06-13,1875000000.0,352.8356979436355,"[338.05..339.92GHz,7812.01kHz,4mJy/beam@10km/s,311.4uJy/beam@native, XX YY] U [339.92..341.79GHz,7812.01kHz,3.8mJy/beam@10km/s,298.3uJy/beam@native, XX YY] U [350.03..351.89GHz,7812.01kHz,3.8mJy/beam@10km/s,300.6uJy/beam@native, XX YY] U [351.90..353.77GHz,7812.01kHz,3.8mJy/beam@10km/s,301uJy/beam@native, XX YY]",A001:DV07 A002:DA46 A003:DV12 A004:DA52 A005:DV25 A006:DA61 A007:DV05 A008:DA42 A010:DA50 A011:DV21 A013:DV24 A015:DA64 A016:DA44 A017:DA56 A018:DV13 A019:DA58 A022:DV23 A023:DA41 A024:DA49 A025:DV02 A026:DA57 A027:DV06 A028:DA63 A030:DA59 A031:DA48 A033:DA53 A034:DA55 A035:DA47 A036:DA45 A038:DV22 A039:DV14 A040:DA51 A041:DV19 A042:DV08 A043:DA60 A044:DV11 A045:DV01 A046:DA54 A048:DA62 A049:DV03 A058:DA43 A060:DV17 A062:DV10 A066:DV04 A068:DA65 A072:DV20 A074:DV09
IC4280,7,0.6863974,IC4280_a_07_TM1,6651.869562512879,0.3053941253246591,203.22235000004886,-24.20715472223221,0.004674047868026711,362.88,58201.332179,0.06877573527515136,1.9544550967426269,3000-01-01,1875000000.0,352.99432288834885,"[338.19..340.05GHz,7812.01kHz,1.7mJy/beam@10km/s,132.5uJy/beam@native, XX YY] U [340.04..341.91GHz,7812.01kHz,1.7mJy/beam@10km/s,132.7uJy/beam@native, XX YY] U [350.10..351.97GHz,7812.01kHz,1.7mJy/beam@10km/s,133.7uJy/beam@native, XX YY] U [352.06..353.93GHz,7812.01kHz,2mJy/beam@10km/s,154.9uJy/beam@native, XX YY]",A001:DV07 A002:DA46 A007:DV05 A008:DA42 A010:DA50 A011:DV21 A015:DA64 A016:DA44 A022:DV23 A023:DA41 A024:DA49 A025:DV02 A027:DV06 A033:DA53 A034:DA55 A035:DA47 A036:DA45 A040:DA51 A042:DV08 A043:DA60 A044:DV11 A045:DV01 A047:DV15 A048:DA62 A049:DV03 A058:DA43 A060:DV17 A062:DV10 A068:DA65 A069:DV16 A072:DV20 A073:DA54 A074:DV09 A075:DA52 A082:DV24 A083:DA48 A086:DV12 A087:DV25 A088:DV04 A089:DA61 A090:DA56 A091:DA58 A092:DV14 A093:DA57 A094:DV19
J1924-2914,7,0.98704046,NGC6907_a_07_TM1,6654.456768121016,0.32812307223288706,291.2127331499937,-29.241700294400136,0.004676116085557328,604.8,58209.47141,0.06079207484993194,1.5337649587692324,2019-12-06,1875000000.0,352.8300914005788,"[338.04..339.91GHz,7812.01kHz,1.6mJy/beam@10km/s,121.7uJy/beam@native, XX YY] U [339.92..341.79GHz,7812.01kHz,1.6mJy/beam@10km/s,121.8uJy/beam@native, XX YY] U [350.02..351.89GHz,7812.01kHz,1.5mJy/beam@10km/s,121.3uJy/beam@native, XX YY] U [351.90..353.76GHz,7812.01kHz,1.5mJy/beam@10km/s,121.5uJy/beam@native, XX YY]",A005:DV25 A006:DA61 A007:DV05 A008:DA42 A010:DA50 A011:DV21 A015:DA64 A022:DV23 A023:DA41 A024:DA49 A025:DV02 A026:DA57 A027:DV06 A033:DA53 A034:DA55 A035:DA47 A036:DA45 A040:DA51 A041:DV19 A042:DV08 A043:DA60 A044:DV11 A045:DV01 A047:DV15 A048:DA62 A058:DA43 A060:DV17 A062:DV10 A068:DA65 A069:DV16 A070:DV22 A072:DV20 A073:DA54 A074:DV09 A075:DA52 A076:DA59 A082:DV24 A083:DA48 A085:DA63 A086:DV12 A088:DV04 A090:DA56 A091:DA58 A092:DV14
J1550+0527,6,1.1847047,Arp220_C6_1,1102.9994220439648,0.18696674914522646,237.6469551666667,5.452902333333333,0.006325432255167926,423.36,57203.09848,0.046617726609239754,1.3652994192634655,2016-12-15,1875000000.0,246.930484956097,"[245.99..247.87GHz,976.56kHz,1.4mJy/beam@10km/s,90.5uJy/beam@native, XX YY] U [247.68..249.55GHz,976.56kHz,1.4mJy/beam@10km/s,90.6uJy/beam@native, XX YY] U [261.87..263.74GHz,976.56kHz,1.3mJy/beam@10km/s,91.3uJy/beam@native, XX YY] U [263.56..265.43GHz,976.56kHz,1.5mJy/beam@10km/s,102uJy/beam@native, XX YY]",A011:DV04 A015:DV18 A021:DA59 A029:DA49 A033:DV19 A058:DA46 A060:DA55 A064:DA50 A069:DA53 A072:DV01 A073:DA63 A075:DA61 A076:DV13 A077:DV16 A078:DV15 A079:DA43 A080:DV24 A082:DA42 A083:DV25 A084:DV05 A085:DA51 A086:DV14 A087:DV23 A088:DV20 A089:DA60 A090:DA54 A091:DA58 A093:DV21 A094:DV02 A096:DV10 A097:DA62 A103:DV03 A104:DA44 A105:DA52 A107:DA64 A110:DV22 A112:DV07 A113:DA57 A115:DV11 A135:DA45 A136:DV17 A137:DA41
J1550+0527,9,0.3425741,Arp220_B9_2__C4,430.101032357114,0.15104588076952064,237.6469552,5.4529023,0.0024170382475008287,604.8,57182.127089,0.5050529437836537,9.285622520853984,2016-07-22,1875000000.0,658.6603335636557,"[657.72..659.60GHz,976.56kHz,9.3mJy/beam@10km/s,1mJy/beam@native, XX YY] U [659.41..661.29GHz,976.56kHz,9.2mJy/beam@10km/s,993.7uJy/beam@native, XX YY] U [677.12..678.99GHz,976.56kHz,9.3mJy/beam@10km/s,1mJy/beam@native, XX YY] U [678.81..680.68GHz,976.56kHz,9.3mJy/beam@10km/s,1mJy/beam@native, XX YY]",A007:DV22 A011:DV04 A015:DV18 A017:DA57 A021:DA59 A029:DA49 A030:DA45 A031:DV08 A033:DV19 A035:DA52 A037:DV12 A038:DV07 A046:DA62 A060:DA55 A062:DV05 A064:DA50 A068:DA44 A069:DA53 A072:DV01 A073:DA63 A075:DA61 A076:DV13 A077:DV16 A078:DV15 A079:DA43 A082:DA42 A083:DV25 A084:DV11 A085:DA51 A086:DV14 A087:DV23 A088:DV20 A089:DA60 A090:DA54 A093:DV21 A094:DV02 A137:DA41
Arp220_B9_1,9,0.3398583,Arp220_B9_1__C4,427.99436283664465,0.15868387540331655,233.73854166666666,23.503155555555555,0.002405183272431358,907.2,57182.079161,0.7286289325850517,13.554125687955997,2016-07-28,1875000000.0,661.9060811289959,"[660.97..662.84GHz,976.56kHz,13.6mJy/beam@10km/s,1.5mJy/beam@native, XX YY] U [662.66..664.53GHz,976.56kHz,13mJy/beam@10km/s,1.4mJy/beam@native, XX YY] U [680.47..682.34GHz,976.56kHz,13.2mJy/beam@10km/s,1.5mJy/beam@native, XX YY] U [682.16..684.03GHz,976.56kHz,13.5mJy/beam@10km/s,1.5mJy/beam@native, XX YY]",A007:DV22 A011:DV04 A015:DV18 A016:DA62 A017:DA57 A021:DA59 A029:DA49 A030:DA45 A031:DV08 A031:DV11 A033:DV18 A033:DV19 A035:DA52 A037:DV12 A038:DV07 A044:DV09 A045:DA50 A046:DA62 A056:DV25 A058:DA46 A060:DA55 A062:DV05 A063:DA54 A064:DA50 A064:DA56 A067:DV13 A068:DA44 A069:DA53 A069:DV16 A071:DV10 A072:DV01 A073:DA63 A073:DV08 A075:DA61 A076:DA57 A076:DV13 A077:DV16 A077:DV19 A078:DV15 A079:DA41 A079:DA43 A080:DA55 A081:DA42 A082:DA42 A083:DV14 A083:DV25 A084:DV11 A085:DA51 A085:DA64 A086:DV07 A086:DV14 A087:DV02 A087:DV23 A088:DV20 A089:DA60 A089:DV15 A090:DA54 A090:DA60 A091:DA43 A093:DV21 A094:DV02 A094:DV12 A096:DA48 A137:DA41 T701:PM03 T703:PM04
J1550+054,7,0.6273656,Arp220_B7_1,812.1080662822422,0.13841190393677097,237.64695416666666,5.452902222222223,0.004587256737013244,151.2,57220.020516,0.139637788522241,3.4099450132447955,2016-08-28,1875000000.0,345.6351206281,"[344.70..346.57GHz,976.56kHz,3.4mJy/beam@10km/s,267.4uJy/beam@native, XX YY] U [346.39..348.26GHz,976.56kHz,3.4mJy/beam@10km/s,267.7uJy/beam@native, XX YY] U [356.95..358.82GHz,976.56kHz,3.4mJy/beam@10km/s,269.9uJy/beam@native, XX YY] U [358.64..360.51GHz,976.56kHz,4mJy/beam@10km/s,322.3uJy/beam@native, XX YY]",A007:DV09 A008:DV08 A011:DV04 A015:DV18 A021:DA59 A029:DA49 A033:DV19 A058:DA46 A060:DA55 A064:DA50 A069:DA53 A072:DV01 A073:DA63 A076:DV13 A077:DV16 A078:DV15 A080:DV24 A082:DA42 A083:DV25 A084:DV05 A085:DA51 A088:DV20 A089:DA60 A090:DA54 A091:DA58 A092:DV12 A093:DV21 A094:DV02 A096:DV10 A097:DA62 A101:DA47 A104:DA44 A105:DA52 A110:DV22 A112:DV07 A113:DA57 A115:DV11 A135:DA45 A136:DV17
Arp220_C6_4,6,0.7204993,Arp220_C6_4,1266.2792614576565,0.24906428685149845,233.73854166666666,23.503155555555555,0.00726026686117544,423.36,57200.137296,0.02885402079016505,0.892330787448745,2016-11-26,1875000000.0,230.26504247794327,"[214.37..216.24GHz,976.56kHz,971.1uJy/beam@10km/s,60.1uJy/beam@native, XX YY] U [215.83..217.70GHz,976.56kHz,913.6uJy/beam@10km/s,56.7uJy/beam@native, XX YY] U [227.87..229.74GHz,976.56kHz,894.5uJy/beam@10km/s,57.1uJy/beam@native, XX YY] U [229.33..231.20GHz,976.56kHz,892.3uJy/beam@10km/s,57.1uJy/beam@native, XX YY]",A011:DV04 A015:DV18 A021:DA59 A029:DA49 A031:DV08 A033:DV19 A060:DA55 A069:DA53 A072:DV01 A073:DA63 A075:DA61 A076:DV13 A077:DV16 A078:DV15 A080:DV24 A082:DA42 A083:DV25 A084:DV05 A085:DA51 A086:DV14 A087:DV23 A088:DV20 A089:DA60 A090:DA54 A091:DA58 A092:DV12 A093:DV21 A094:DV02 A096:DV10 A097:DA62 A103:DV03 A105:DA52 A107:DA64 A110:DV22 A112:DV07 A113:DA57 A115:DV11 A135:DA45 A136:DV17 A137:DA41 T701:PM03 T702:PM02
J1550+054,7,0.6822094,Arp220_B7_3,827.4640853564787,0.13776392870935428,237.646955175,5.452902333333333,0.004674375760426393,151.2,57200.091742,0.11803035584270448,2.9291732570218327,2016-10-22,1875000000.0,339.18872115971857,"[338.25..340.13GHz,976.56kHz,2.9mJy/beam@10km/s,227.5uJy/beam@native, XX YY] U [339.90..341.77GHz,976.56kHz,2.9mJy/beam@10km/s,227.8uJy/beam@native, XX YY] U [350.27..352.15GHz,976.56kHz,2.9mJy/beam@10km/s,229.6uJy/beam@native, XX YY] U [351.94..353.81GHz,976.56kHz,3.3mJy/beam@10km/s,265.1uJy/beam@native, XX YY]",A011:DV04 A015:DV18 A021:DA59 A029:DA49 A031:DV08 A033:DV19 A060:DA55 A069:DA53 A072:DV01 A073:DA63 A075:DA61 A076:DV13 A077:DV16 A078:DV15 A080:DV24 A082:DA42 A083:DV25 A084:DV05 A085:DA51 A086:DV14 A087:DV23 A088:DV20 A089:DA60 A090:DA54 A091:DA58 A092:DV12 A093:DV21 A094:DV02 A096:DV10 A097:DA62 A103:DV03 A105:DA52 A107:DA64 A110:DV22 A112:DV07 A113:DA57 A115:DV11 A135:DA45 A136:DV17 A137:DA41 T701:PM03 T702:PM02
J1256-0547,9,0.3448935,Arp220_B9_1__C6,428.00828329912144,0.08006970338532703,194.04652916666666,-5.7893125,0.0024050243304519123,1814.4,57231.020041,0.4137578069052814,7.346790654786594,2017-01-22,1875000000.0,661.9500612266381,"[661.01..662.89GHz,976.56kHz,7.3mJy/beam@10km/s,797.3uJy/beam@native, XX YY] U [662.70..664.58GHz,976.56kHz,7.4mJy/beam@10km/s,799.2uJy/beam@native, XX YY] U [680.51..682.39GHz,976.56kHz,7.5mJy/beam@10km/s,820.5uJy/beam@native, XX YY] U [682.20..684.08GHz,976.56kHz,8.2mJy/beam@10km/s,906.4uJy/beam@native, XX YY]",A007:DV09 A008:DV08 A011:DV04 A014:DV06 A015:DV18 A021:DA59 A033:DV19 A058:DA46 A060:DA55 A064:DA50 A069:DA53 A072:DV01 A073:DA63 A075:DA61 A076:DV13 A077:DV16 A078:DV15 A079:DA43 A080:DV24 A082:DA42 A083:DV25 A084:DV05 A085:DA51 A087:DV23 A089:DA60 A091:DA58 A092:DV12 A093:DV21 A094:DV02 A096:DV10 A097:DA62 A101:DA47 A103:DV03 A104:DA44 A105:DA52 A107:DA64 A110:DV22 A112:DV07 A113:DA57 A115:DV11 A135:DA45 A136:DV17 A137:DA41
J1550+0527,6,1.3706253,Arp220_C6_2,1117.112843381664,0.19081217970283676,237.6469551666667,5.452902333333333,0.006406855944321238,393.12,57203.050365,0.04532839636777129,1.4129870040976782,2016-11-26,1875000000.0,261.13907359508755,"[242.85..244.72GHz,976.56kHz,1.3mJy/beam@10km/s,88.7uJy/beam@native, XX YY] U [244.52..246.40GHz,976.56kHz,1.3mJy/beam@10km/s,88.8uJy/beam@native, XX YY] U [258.53..260.40GHz,976.56kHz,1.3mJy/beam@10km/s,89.5uJy/beam@native, XX YY] U [260.20..262.08GHz,976.56kHz,1.4mJy/beam@10km/s,96.3uJy/beam@native, XX YY]",A011:DV04 A015:DV18 A021:DA59 A029:DA49 A033:DV19 A058:DA46 A060:DA55 A064:DA50 A069:DA53 A072:DV01 A073:DA63 A075:DA61 A076:DV13 A077:DV16 A078:DV15 A079:DA43 A080:DV24 A082:DA42 A083:DV25 A084:DV05 A085:DA51 A086:DV14 A087:DV23 A088:DV20 A089:DA60 A090:DA54 A091:DA58 A093:DV21 A094:DV02 A096:DV10 A097:DA62 A103:DV03 A104:DA44 A105:DA52 A107:DA64 A110:DV22 A112:DV07 A113:DA57 A115:DV11 A135:DA45 A136:DV17 A137:DA41
J1550+0527,6,1.3794792,Arp220_C6_3,1204.5216123531402,0.1998784667181759,237.64695466666666,5.452902277777778,0.006919614724199661,786.095,57238.958045,0.041296838454632986,1.3042259202687012,2016-09-08,1875000000.0,242.12245307113892,"[224.52..226.39GHz,976.56kHz,1.3mJy/beam@10km/s,81.9uJy/beam@native, XX YY] U [226.20..228.07GHz,976.56kHz,1.3mJy/beam@10km/s,81.3uJy/beam@native, XX YY] U [239.51..241.38GHz,976.56kHz,1.3mJy/beam@10km/s,81.8uJy/beam@native, XX YY] U [241.18..243.06GHz,976.56kHz,1.3mJy/beam@10km/s,85.6uJy/beam@native, XX YY]",A011:DV04 A015:DV18 A021:DA59 A029:DA49 A033:DV19 A058:DA46 A060:DA55 A064:DA50 A069:DA53 A072:DV01 A073:DA63 A075:DA61 A076:DV13 A077:DV16 A078:DV15 A079:DA43 A080:DV24 A082:DA42 A083:DV25 A084:DV05 A085:DA51 A086:DV14 A087:DV23 A088:DV20 A089:DA60 A090:DA54 A091:DA58 A092:DV12 A093:DV21 A094:DV02 A096:DV10 A097:DA62 A101:DA47 A103:DV03 A104:DA44 A105:DA52 A107:DA64 A110:DV22 A112:DV07 A113:DA57 A115:DV11 A135:DA45 A136:DV17 A137:DA41
Pallas,9,0.34759516,Arp220_B9_2__C6,430.11475602731383,0.07841730563104458,255.8836157133592,21.397239655825352,0.002417097402629168,151.2,57230.055932,1.0754766924800394,19.301964791927258,2017-01-22,1875000000.0,658.6438716456084,"[657.71..659.58GHz,976.56kHz,19.3mJy/beam@10km/s,2.1mJy/beam@native, XX YY] U [659.39..661.27GHz,976.56kHz,19.3mJy/beam@10km/s,2.1mJy/beam@native, XX YY] U [677.10..678.98GHz,976.56kHz,19.6mJy/beam@10km/s,2.1mJy/beam@native, XX YY] U [678.79..680.66GHz,976.56kHz,20.8mJy/beam@10km/s,2.3mJy/beam@native, XX YY]",A007:DV09 A008:DV08 A011:DV04 A015:DV18 A021:DA59 A033:DV19 A058:DA46 A060:DA55 A064:DA50 A069:DA53 A072:DV01 A073:DA63 A076:DV13 A077:DV16 A078:DV15 A079:DA43 A080:DV24 A082:DA42 A083:DV25 A084:DV05 A085:DA51 A087:DV23 A089:DA60 A091:DA58 A092:DV12 A093:DV21 A094:DV02 A096:DV10 A097:DA62 A101:DA47 A103:DV03 A104:DA44 A105:DA52 A107:DA64 A110:DV22 A112:DV07 A113:DA57 A115:DV11 A135:DA45 A136:DV17 A137:DA41
Arp220_B7_2,7,1.1658865,Arp220_B7_2,819.7353838719655,0.15652077196934708,233.73854166666666,23.503155555555555,0.004630559197734219,574.56,57201.121974,0.09054198580836212,2.241672693519283,2016-08-25,1875000000.0,342.4029297423608,"[341.47..343.34GHz,976.56kHz,2.2mJy/beam@10km/s,175uJy/beam@native, XX YY] U [343.14..345.02GHz,976.56kHz,2.2mJy/beam@10km/s,175.2uJy/beam@native, XX YY] U [353.60..355.47GHz,976.56kHz,2.2mJy/beam@10km/s,176.6uJy/beam@native, XX YY] U [355.27..357.15GHz,976.56kHz,2.5mJy/beam@10km/s,201.4uJy/beam@native, XX YY]",A011:DV04 A015:DV18 A021:DA59 A029:DA49 A033:DV19 A058:DA46 A060:DA55 A069:DA53 A072:DV01 A073:DA63 A075:DA61 A076:DV13 A077:DV16 A078:DV15 A079:DA43 A080:DV24 A082:DA42 A083:DV25 A084:DV05 A086:DV14 A087:DV23 A088:DV20 A089:DA60 A090:DA54 A091:DA58 A092:DV12 A093:DV21 A094:DV02 A096:DV10 A097:DA62 A101:DA47 A103:DV03 A105:DA52 A107:DA64 A110:DV22 A112:DV07 A113:DA57 A115:DV11 A135:DA45 A136:DV17 A137:DA41
J1516+1932,7,1.3110433,Arp220_B7_4,835.3609506876625,0.1526526795478585,229.23665070833337,19.536942250000003,0.004719012362078481,272.16,57201.09119,0.11125042195298745,2.8179388916654027,2016-08-28,1875000000.0,335.9849294718283,"[335.05..336.92GHz,976.56kHz,2.8mJy/beam@10km/s,217.9uJy/beam@native, XX YY] U [336.68..338.55GHz,976.56kHz,2.8mJy/beam@10km/s,218.1uJy/beam@native, XX YY] U [346.97..348.84GHz,976.56kHz,2.8mJy/beam@10km/s,219.8uJy/beam@native, XX YY] U [348.60..350.47GHz,976.56kHz,3mJy/beam@10km/s,235.6uJy/beam@native, XX YY]",A011:DV04 A015:DV18 A021:DA59 A029:DA49 A033:DV19 A058:DA46 A060:DA55 A069:DA53 A072:DV01 A073:DA63 A075:DA61 A076:DV13 A077:DV16 A078:DV15 A079:DA43 A080:DV24 A082:DA42 A083:DV25 A084:DV05 A086:DV14 A087:DV23 A088:DV20 A089:DA60 A090:DA54 A091:DA58 A092:DV12 A093:DV21 A094:DV02 A096:DV10 A097:DA62 A101:DA47 A103:DV03 A105:DA52 A107:DA64 A110:DV22 A112:DV07 A113:DA57 A115:DV11 A135:DA45 A136:DV17 A137:DA41
NGC_6921,6,1.1244386,NGC_6921_a_06_TM1,8911.721919263444,0.28431514911535516,307.1203083333265,25.72342916666709,0.006155936204690891,3810.24,58376.064023,0.03390644505626764,0.6776364422275472,2019-10-19,1875000000.0,261.7772931579742,"[260.84..262.71GHz,7812.01kHz,677.6uJy/beam@10km/s,46.2uJy/beam@native, XX YY] U [262.79..264.66GHz,7812.01kHz,728uJy/beam@10km/s,49.9uJy/beam@native, XX YY]",A001:DV07 A008:DA42 A011:DV21 A015:DA64 A016:DA44 A022:DV23 A023:DA41 A024:DA49 A027:DV06 A033:DA53 A035:DA47 A042:DV08 A043:DA60 A044:DV11 A045:DV01 A047:DV15 A049:DV03 A050:DV13 A058:DA43 A060:DV17 A062:DV10 A066:DV04 A068:DA65 A070:DA48 A072:DV20 A074:DV09 A075:DV18 A076:DA59 A082:DA52 A083:DV22 A085:DA63 A086:DV25 A087:DV14 A088:DV24 A089:DA57 A090:DA58 A091:DA56 A093:DV19 A094:DA61 A096:DA46 A101:DA51 A104:DV02 A105:DA50 A108:DA55 A134:DA45 A135:DA62
J2141-3729,6,1.320506,NGC_7130_a_06_TM1,8925.597933172263,0.39336944930625184,325.4685374999436,-37.48694195835393,0.0061658553463389415,60.48,58202.486652,0.3575853769875234,7.210242130874116,2019-10-03,1875000000.0,261.35615986045866,"[260.42..262.29GHz,7812.01kHz,7.2mJy/beam@10km/s,491.6uJy/beam@native, XX YY] U [262.37..264.24GHz,7812.01kHz,7.6mJy/beam@10km/s,521uJy/beam@native, XX YY]",A001:DV07 A002:DA46 A008:DA42 A010:DA50 A015:DA64 A016:DA44 A022:DV23 A023:DA41 A024:DA49 A025:DV02 A027:DV06 A033:DA53 A034:DA55 A035:DA47 A036:DA45 A040:DA51 A042:DV08 A043:DA60 A045:DV01 A047:DV15 A049:DV03 A060:DV17 A062:DV10 A068:DA65 A069:DV16 A072:DV20 A073:DA54 A074:DV09 A075:DA52 A076:DA59 A082:DV24 A083:DA48 A085:DA63 A086:DV12 A087:DV25 A088:DV04 A089:DA61 A090:DA56 A091:DA58 A092:DV14 A093:DA57 A094:DV19
J1303+2433,6,0.54103976,NGC_4922_a_06_TM1,4736.3404643224085,0.26825197221630703,195.76340464996622,24.56548054170406,0.00639793607488704,181.44,58379.721936,0.055452966344419256,1.6779149462255956,2019-10-01,1875000000.0,246.1877074992268,"[243.31..245.18GHz,3904.30kHz,1.7mJy/beam@10km/s,108.8uJy/beam@native, XX YY] U [245.25..247.12GHz,3904.30kHz,1.7mJy/beam@10km/s,111uJy/beam@native, XX YY] U [258.52..260.38GHz,7812.01kHz,1.6mJy/beam@10km/s,111.9uJy/beam@native, XX YY] U [260.45..262.32GHz,7812.01kHz,1.6mJy/beam@10km/s,112uJy/beam@native, XX YY]",A001:DV07 A008:DA42 A015:DA64 A016:DA44 A022:DV23 A023:DA41 A024:DA49 A027:DV06 A033:DA53 A042:DV08 A043:DA60 A044:DV11 A045:DV01 A047:DV15 A049:DV03 A058:DA43 A060:DV17 A062:DV10 A066:DV04 A068:DA65 A070:DA48 A072:DV20 A074:DV09 A075:DV18 A076:DA59 A082:DA52 A083:DV22 A085:DA63 A086:DV25 A087:DV14 A088:DV24 A089:DA57 A090:DA58 A091:DA56 A093:DV19 A094:DA61 A096:DA46 A101:DA51 A104:DV02 A105:DA50 A108:DA55 A111:DV13 A134:DA45 A135:DA62
NGC_7674,6,0.6332907,NGC_7674_a_06_TM1,9038.821019779634,0.23992940058699946,351.9862749999566,8.779003611114048,0.006243398214096404,2661.12,58380.141896,0.01997469999376514,0.4111105436443996,2019-10-03,1875000000.0,258.11012213437914,"[257.18..259.04GHz,7812.01kHz,411.1uJy/beam@10km/s,27.9uJy/beam@native, XX YY] U [259.10..260.97GHz,7812.01kHz,421.3uJy/beam@10km/s,28.7uJy/beam@native, XX YY]",A001:DV07 A008:DA42 A016:DA44 A022:DV23 A023:DA41 A024:DA49 A027:DV06 A033:DA53 A042:DV08 A043:DA60 A044:DV11 A045:DV01 A047:DV15 A049:DV03 A058:DA43 A060:DV17 A062:DV10 A066:DV04 A068:DA65 A070:DA48 A072:DV20 A074:DV09 A075:DV18 A076:DA59 A082:DA52 A083:DV22 A085:DA63 A086:DV25 A087:DV14 A088:DV24 A089:DA57 A090:DA58 A091:DA56 A092:DV12 A093:DV19 A094:DA61 A096:DA46 A101:DA51 A104:DV02 A105:DA50 A108:DA55 A111:DV13 A134:DA45 A135:DA62
SDSS_J033119.67-074143.1,7,0.4261027,SDSS_J03_a_07_TE,27047.72203583601,0.29964167012709053,52.8319421,-7.6952972,0.004777485356563785,756.0,56857.598945,0.05658814942097874,1.513872980184732,2015-12-18,2000000000.0,331.7619363066441,"[330.77..332.75GHz,31250.00kHz,1.5mJy/beam@10km/s,112.6uJy/beam@native, XX YY] U [332.52..334.50GHz,31250.00kHz,1.5mJy/beam@10km/s,112.8uJy/beam@native, XX YY] U [342.56..344.55GHz,31250.00kHz,1.5mJy/beam@10km/s,113.6uJy/beam@native, XX YY] U [344.37..346.36GHz,31250.00kHz,1.5mJy/beam@10km/s,113.8uJy/beam@native, XX YY]",A016:DA62 A021:DA59 A031:DV11 A033:DV18 A044:DV09 A046:DA48 A056:DV25 A058:DA46 A063:DA54 A067:DV13 A069:DV16 A070:DA45 A071:DV10 A072:DV01 A074:DA47 A075:DA61 A076:DA57 A077:DV19 A079:DA41 A080:DA55 A081:DA42 A082:DA51 A083:DV14 A085:DA64 A086:DV07 A087:DV02 A089:DV15 A090:DA60 A091:DA43 T701:PM03 T703:PM04
J1505+0326,7,0.38665745,SDSS_J15_a_07_TE,26773.933075324654,0.3286845251760196,226.27698816666668,3.4418923888888893,0.004728658119370423,241.92,56856.117847,0.09464453982134534,2.5187283293572817,2016-04-10,2000000000.0,335.1850466744038,"[334.19..336.18GHz,31250.00kHz,2.5mJy/beam@10km/s,188.3uJy/beam@native, XX YY] U [336.03..338.01GHz,31250.00kHz,2.5mJy/beam@10km/s,188.6uJy/beam@native, XX YY] U [346.09..348.07GHz,31250.00kHz,2.5mJy/beam@10km/s,190uJy/beam@native, XX YY] U [347.94..349.93GHz,31250.00kHz,2.5mJy/beam@10km/s,190.3uJy/beam@native, XX YY]",A016:DA62 A019:DA63 A021:DA59 A031:DV11 A033:DV18 A044:DV09 A046:DA48 A056:DV25 A058:DA46 A063:DA54 A067:DV13 A069:DV16 A070:DA45 A071:DV10 A072:DV01 A074:DA47 A075:DA61 A076:DA57 A077:DV19 A079:DA41 A080:DA55 A081:DA42 A082:DA51 A083:DV14 A085:DA64 A086:DV07 A087:DV02 A089:DV15 A090:DA60 A091:DA43 T701:PM03 T703:PM04
J1256-0547,7,0.6131403,SDSS_J13_a_07_TE,26863.164026520615,0.30458285714855915,194.04652733333333,-5.789312472222222,0.004744634257463949,302.4,57178.101417,0.07962722621781412,2.1227480414049062,2016-07-21,2000000000.0,334.0338477726723,"[333.04..335.03GHz,31250.00kHz,2.1mJy/beam@10km/s,158.4uJy/beam@native, XX YY] U [334.90..336.88GHz,31250.00kHz,2.1mJy/beam@10km/s,158.7uJy/beam@native, XX YY] U [344.96..346.94GHz,31250.00kHz,2.1mJy/beam@10km/s,159.9uJy/beam@native, XX YY] U [346.79..348.78GHz,31250.00kHz,2.1mJy/beam@10km/s,160.1uJy/beam@native, XX YY]",A007:DV22 A011:DV04 A015:DV18 A017:DA57 A021:DA59 A029:DA49 A030:DA45 A033:DV19 A035:DA52 A037:DV12 A038:DV07 A042:DV17 A046:DA62 A060:DA55 A062:DV05 A064:DA50 A069:DA53 A070:DA47 A072:DV01 A073:DA63 A074:DV10 A075:DA61 A076:DV13 A077:DV16 A078:DV15 A079:DA43 A080:DV24 A082:DA42 A083:DV25 A084:DV11 A085:DA51 A086:DV14 A087:DV23 A088:DV20 A089:DA60 A091:DA58 A093:DV21
SDSS_J132853.66-022441.6,7,0.61474305,SDSS_J13_b_07_TE,26716.90428229674,0.32163064265755614,202.2235875,-2.4115825,0.004718634391388178,2721.6,57178.187163,0.027251191733998238,0.7244401571378732,2016-08-18,2000000000.0,335.88703066100607,"[334.89..336.88GHz,31250.00kHz,724.4uJy/beam@10km/s,54.2uJy/beam@native, XX YY] U [336.75..338.74GHz,31250.00kHz,723.4uJy/beam@10km/s,54.3uJy/beam@native, XX YY] U [346.84..348.82GHz,31250.00kHz,718.3uJy/beam@10km/s,54.7uJy/beam@native, XX YY] U [348.69..350.68GHz,31250.00kHz,717.4uJy/beam@10km/s,54.8uJy/beam@native, XX YY]",A007:DV22 A011:DV04 A015:DV18 A017:DA57 A021:DA59 A029:DA49 A030:DA45 A033:DV19 A035:DA52 A037:DV12 A038:DV07 A042:DV17 A046:DA62 A060:DA55 A062:DV05 A064:DA50 A069:DA53 A070:DA47 A072:DV01 A073:DA63 A074:DV10 A075:DA61 A076:DV13 A077:DV16 A078:DV15 A079:DA43 A080:DV24 A082:DA42 A083:DV25 A084:DV11 A085:DA51 A086:DV14 A087:DV23 A088:DV20 A089:DA60 A091:DA58 A093:DV21
J1058+0133,7,0.3975408,SDSS_J09_b_07_TE,26780.370513837097,0.289155830378778,164.62335504166666,1.5663399166666667,0.004729211945993955,302.4,57181.986151,0.08277624527547779,2.202971336322611,2016-08-27,2000000000.0,335.1654224201468,"[334.17..336.16GHz,31250.00kHz,2.2mJy/beam@10km/s,164.7uJy/beam@native, XX YY] U [336.00..337.98GHz,31250.00kHz,2.2mJy/beam@10km/s,164.9uJy/beam@native, XX YY] U [346.06..348.05GHz,31250.00kHz,2.2mJy/beam@10km/s,166.2uJy/beam@native, XX YY] U [347.88..349.87GHz,31250.00kHz,2.2mJy/beam@10km/s,166.4uJy/beam@native, XX YY]",A007:DV22 A011:DV04 A015:DV18 A017:DA57 A021:DA59 A029:DA49 A030:DA45 A031:DV08 A033:DV19 A035:DA52 A037:DV12 A038:DV07 A046:DA62 A060:DA55 A062:DV05 A064:DA50 A068:DA44 A069:DA53 A072:DV01 A073:DA63 A075:DA61 A076:DV13 A077:DV16 A078:DV15 A079:DA43 A082:DA42 A083:DV25 A084:DV11 A085:DA51 A086:DV14 A087:DV23 A088:DV20 A089:DA60 A090:DA54 A093:DV21 A094:DV02 A137:DA41
J0914+0245,7,0.7381791,SDSS_J09_a_07_TE,26723.39388184494,0.317249905163631,138.65797266666667,2.766457361111111,0.004719181082330658,604.8,57186.999516,0.06076347974977463,1.6153980402710955,2016-08-21,2000000000.0,335.8713608309405,"[334.88..336.86GHz,31250.00kHz,1.6mJy/beam@10km/s,120.9uJy/beam@native, XX YY] U [336.71..338.70GHz,31250.00kHz,1.6mJy/beam@10km/s,121.1uJy/beam@native, XX YY] U [346.78..348.76GHz,31250.00kHz,1.6mJy/beam@10km/s,122uJy/beam@native, XX YY] U [348.63..350.62GHz,31250.00kHz,1.6mJy/beam@10km/s,122.2uJy/beam@native, XX YY]",A007:DV22 A011:DV04 A015:DV18 A017:DA57 A021:DA59 A029:DA49 A030:DA45 A031:DV08 A033:DV19 A035:DA52 A037:DV12 A038:DV07 A046:DA62 A058:DA46 A060:DA55 A062:DV05 A064:DA50 A069:DA53 A070:DA47 A072:DV01 A073:DA63 A075:DA61 A076:DV13 A077:DV16 A078:DV15 A079:DA43 A081:DV09 A082:DA42 A083:DV25 A084:DV11 A085:DA51 A086:DV14 A087:DV23 A088:DV20 A089:DA60 A090:DA54 A091:DA58 A093:DV21 A094:DV02 A137:DA41 T702:PM02
J2007+4029,7,0.4508245,Cygnus_A_a_07_TM1,26805.294176996144,0.08838937993182083,301.9372702039863,40.49683448890079,0.0047091235338189855,598.752,58725.102996,0.05441951742564894,1.4243753017053993,2021-01-18,2000000000.0,348.47898155846883,"[335.49..337.47GHz,31250.00kHz,1.5mJy/beam@10km/s,109.1uJy/beam@native, XX YY] U [337.42..339.41GHz,31250.00kHz,1.3mJy/beam@10km/s,99.9uJy/beam@native, XX YY] U [347.49..349.47GHz,31250.00kHz,1.4mJy/beam@10km/s,108.6uJy/beam@native, XX YY] U [349.49..351.47GHz,31250.00kHz,1.6mJy/beam@10km/s,120.7uJy/beam@native, XX YY]",A007:DV21 A015:DV25 A027:DV17 A042:DV05 A058:DA41 A060:DA47 A062:DV02 A066:DA54 A068:DV20 A069:DA45 A070:DA59 A072:DA53 A074:DV09 A075:DA56 A076:DA62 A082:DA60 A083:DA51 A085:DA52 A086:DV22 A087:DV18 A088:DV11 A089:DV16 A090:DV13 A092:DV04 A093:DV03 A094:DV14 A096:DA50 A101:DA65 A104:DA43 A110:DA55 A111:DV12 A115:DA46 A116:DV08 A118:DV07 A120:DV19 A121:DV10 A122:DA44 A123:DA48 A124:DA42 A125:DA49 A126:PM01 A127:DV24 A128:DV15 A129:DV01 A130:DA58 A132:DA57 A134:DA63
Cygnus_A_Nucleus,4,1.2688992,Cygnus_A_a_04_TM1,62042.1601777654,0.053144577784678786,299.86814583333194,40.73385833333332,0.01115643513496915,326.592,58675.223621,0.029873046045596426,1.2944139245631403,2020-12-23,2000000000.0,151.98174340833492,"[136.99..138.98GHz,31250.00kHz,1.2mJy/beam@10km/s,59.6uJy/beam@native, XX YY] U [138.93..140.91GHz,31250.00kHz,1.1mJy/beam@10km/s,55.5uJy/beam@native, XX YY] U [148.99..150.97GHz,31250.00kHz,1.2mJy/beam@10km/s,59.9uJy/beam@native, XX YY] U [150.99..152.97GHz,31250.00kHz,1.3mJy/beam@10km/s,65.2uJy/beam@native, XX YY]",A027:DV17 A058:DA41 A074:DV09 A082:DA60 A089:DV16 A091:DA61 A092:DV04 A094:DV14 A096:DA50 A101:DA65 A104:DA43 A105:DA64 A111:DV12 A115:DA46 A116:DV08 A118:DV07 A120:DV19 A121:PM03 A122:DA44 A124:DA42 A125:DA49 A126:PM01 A127:DV24 A128:DV15 A129:DV01 A130:DA58 A131:DV21 A133:DV10 A134:DA63 A135:PM02 P403:DA45 P409:DV11 P410:DV06 P411:DA56 S301:DA54 S303:DV23 S305:DA62 S306:DV20 S307:DA47 S308:DV22 W205:DA52 W207:DV25 W208:DV13 W210:DA53
J2253+1608,3,0.530203,Cygnus_A_a_03_TM1,90514.95853175368,0.05054874507628146,343.4906164249604,16.148211352804168,0.01659246949408638,302.4,58642.377413,0.029353003860946032,1.4668311284469393,2020-10-23,2000000000.0,92.42123276455538,"[89.49..91.48GHz,31250.00kHz,1.5mJy/beam@10km/s,57.4uJy/beam@native, XX YY] U [91.43..93.41GHz,31250.00kHz,1.5mJy/beam@10km/s,57.6uJy/beam@native, XX YY] U [101.49..103.47GHz,31250.00kHz,1.4mJy/beam@10km/s,59.6uJy/beam@native, XX YY] U [103.49..105.47GHz,31250.00kHz,1.4mJy/beam@10km/s,60.5uJy/beam@native, XX YY]",A074:DV09 A091:DA61 A094:DV14 A104:DA43 A108:PM04 A111:DV12 A115:DA46 A116:DV08 A118:DV07 A120:DV19 A121:PM03 A122:DA44 A123:DA48 A124:DA42 A125:DA49 A126:PM01 A127:DV24 A128:DV15 A129:DV01 A130:DA58 A131:DV21 A133:DV10 A134:DA63 A135:PM02 A136:DV04 P401:DA59 P403:DA45 P409:DV11 P410:DV06 P411:DA56 P412:DA60 P413:DV03 S301:DA54 S303:DV23 S305:DA62 S308:DV22 S309:DA51 W201:DA50 W202:DA55 W205:DA52 W207:DV25 W208:DV13 W209:DV05 W210:DA53
J1532+2344,6,0.959131,arp220_a_06_TM1,2217.482861990348,0.025123788422486044,233.193105116715,23.734796644455173,0.006339346214614704,1342.656,58639.268717,0.03409479242190771,1.0455747702576386,2020-10-01,1875000000.0,247.29642502745224,"[246.36..248.23GHz,1938.48kHz,1mJy/beam@10km/s,69.4uJy/beam@native, XX YY] U [248.13..250.00GHz,1938.48kHz,1mJy/beam@10km/s,67.5uJy/beam@native, XX YY] U [260.30..262.17GHz,1938.48kHz,996.7uJy/beam@10km/s,67.9uJy/beam@native, XX YY] U [262.07..263.94GHz,1938.48kHz,994.4uJy/beam@10km/s,68uJy/beam@native, XX YY]",A015:DA64 A042:DV08 A068:DA65 A069:DV16 A074:DV09 A092:DV12 A094:DV14 A104:DA43 A108:PM04 A115:DA46 A118:DV07 A120:DV19 A121:PM03 A122:DA44 A123:DA48 A124:DA42 A125:DA49 A126:PM01 A127:DV24 A128:DV15 A129:DV01 A130:DA58 A131:DV21 A133:DV10 A134:DA63 A135:PM02 A136:DV04 P401:DA59 P403:DA45 P409:DV11 P410:DV06 P412:DA60 S301:DA54 S305:DA62 S306:DV20 S307:DA47 S308:DV22 S309:DA51 W201:DA50 W202:DA55 W205:DA52 W207:DV25 W208:DV13 W209:DV05 W210:DA53
J1232-0224,6,1.1996751,ngc4418_a_06_TM1,2194.343523091177,0.022676316015430364,188.0000667083085,-2.4013319611120783,0.0062747851644577406,1415.232,58065.627631,0.03249692547769722,1.0244156020827202,2018-12-22,1875000000.0,249.79706919438695,"[248.86..250.73GHz,1938.48kHz,1mJy/beam@10km/s,68.3uJy/beam@native, XX YY] U [250.63..252.50GHz,1938.48kHz,1mJy/beam@10km/s,68.4uJy/beam@native, XX YY] U [263.05..264.92GHz,1938.48kHz,905.8uJy/beam@10km/s,62.1uJy/beam@native, XX YY] U [264.82..266.69GHz,1938.48kHz,903.7uJy/beam@10km/s,62.1uJy/beam@native, XX YY]",A074:DV09 A082:DV24 A087:DV25 A089:DA61 A090:DA56 A091:DA58 A092:DV14 A093:DA57 A094:DV19 A096:PM01 A104:DA47 A108:DA50 A110:DA41 A111:PM02 A115:DA43 A116:DV07 A118:DV01 A120:DA44 A121:DA55 A122:DV11 A123:DA42 A124:DA51 A126:DV10 A127:DA49 A128:DV13 A129:DA46 A130:DV15 A131:PM03 A132:DV23 A133:PM04 A135:DA45 P401:DA65 P402:DV20 P409:DV04 P410:DA64 P411:DV08 S301:DA60 S303:DA63 S305:DA59 S307:DV05 S308:DA52 W202:DA54 W210:DV22
J0040-0146,6,1.7780632,WISE_J00_a_06_TE,1226.3812351543738,0.19730961112626194,10.240048258293895,-1.775562850000468,0.006567819127889359,60.48,57627.237513,0.11926057988607708,3.6589758655196407,2018-03-16,1875000000.0,237.7756673521232,"[236.84..238.71GHz,976.56kHz,3.7mJy/beam@10km/s,238uJy/beam@native, XX YY] U [238.89..240.76GHz,1938.48kHz,3.6mJy/beam@10km/s,238.2uJy/beam@native, XX YY] U [251.77..253.65GHz,1938.48kHz,3.6mJy/beam@10km/s,238.8uJy/beam@native, XX YY] U [253.84..255.71GHz,1938.48kHz,3.6mJy/beam@10km/s,239.1uJy/beam@native, XX YY]",A001:DA59 A002:DA49 A004:DA41 A007:DV12 A008:DV06 A009:DV18 A013:DV20 A014:DV09 A015:DV04 A017:DV22 A023:DA51 A034:DA46 A064:DV13 A071:DA43 A073:DA54 A075:DV24 A076:DA52 A079:DA64 A081:DA53 A084:DV07 A085:DA47 A086:DV11 A087:DV10 A088:DA57 A091:DA63 A092:DV17 A094:DA45 A095:DV25 A096:DA65 A097:DV03 A099:DA55 A100:DA56 A101:DA60 A102:DV16 A103:DA62 A104:DV14 A110:DA58 A111:DV05 A112:DA50 A113:DV15 A135:DV19
J1058+0133,4,0.84676045,WISE_J10_a_04_TE,1907.707764677159,0.606460019269862,164.62335416664624,1.5663400000001095,0.010963149473606226,604.8,57583.823843,0.032271521289997246,1.2274694635724892,2017-12-27,1875000000.0,154.4163423476458,"[139.72..141.60GHz,1938.48kHz,1.3mJy/beam@10km/s,65.5uJy/beam@native, XX YY] U [141.40..143.27GHz,1938.48kHz,1.3mJy/beam@10km/s,64.1uJy/beam@native, XX YY] U [151.78..153.65GHz,1938.48kHz,1.2mJy/beam@10km/s,64.3uJy/beam@native, XX YY] U [153.48..155.35GHz,976.56kHz,1.2mJy/beam@10km/s,64.3uJy/beam@native, XX YY]",A001:DA59 A002:DA49 A006:DA61 A009:DV18 A010:DV25 A015:DV04 A045:DA56 A048:DV15 A054:DV03 A060:DA60 A061:DA62 A064:DV13 A066:DA55 A067:DA42 A068:DA45 A069:DV14 A071:DA43 A072:DV05 A073:DA54 A074:DA48 A075:DV24 A076:DA52 A077:DA58 A078:DV12 A079:DA64 A080:DV23 A081:DA53 A084:DV07 A086:DV11 A087:DV10 A089:DA50 A090:DV01 A091:DA63 A092:DV17 A093:DV02 A135:DV19
WISE_J1212+1916,4,0.7762967,WISE_J12_a_04_TE,2221.5216650330226,0.482055264740012,183.15212499998984,19.27325000000027,0.011896692624379607,1209.6,57602.834814,0.015210651420501322,0.5797373611015844,2017-12-15,1875000000.0,142.89937271122986,"[128.09..129.96GHz,1938.48kHz,663.2uJy/beam@10km/s,31.8uJy/beam@native, XX YY] U [129.92..131.79GHz,976.56kHz,658.9uJy/beam@10km/s,31.8uJy/beam@native, XX YY] U [140.11..141.98GHz,1938.48kHz,583.2uJy/beam@10km/s,29.2uJy/beam@native, XX YY] U [141.96..143.84GHz,1938.48kHz,579.7uJy/beam@10km/s,29.2uJy/beam@native, XX YY]",A001:DA59 A002:DA49 A006:DA61 A008:DV06 A009:DV18 A014:DV09 A015:DV04 A017:DV22 A023:DA51 A034:DA46 A048:DV15 A065:DV01 A071:DA43 A072:DV05 A073:DA54 A075:DV24 A076:DA52 A078:DV12 A079:DA64 A081:DA53 A084:DV07 A085:DA47 A086:DV11 A087:DV10 A088:DA57 A089:DA50 A091:DA63 A092:DV17 A094:DA45 A095:DV25 A096:DA65 A099:DA55 A100:DA56 A101:DA60 A102:DV16 A103:DA62 A104:DV14 A106:DV08 A134:DA44 A135:DV19
WISE_J1029+0501,7,1.0597521,WISE_J10_a_07_TC,951.043298522168,0.37593352055449786,157.2745833333845,5.025666666669277,0.005321989752386591,846.72,57561.969514,0.04148832801467724,1.1034453007521812,2017-09-12,1875000000.0,308.80786336717034,"[296.12..298.00GHz,1938.48kHz,1.2mJy/beam@10km/s,87.4uJy/beam@native, XX YY] U [297.80..299.67GHz,1938.48kHz,1.1mJy/beam@10km/s,81.2uJy/beam@native, XX YY] U [307.87..309.75GHz,976.56kHz,1.1mJy/beam@10km/s,81.8uJy/beam@native, XX YY] U [309.85..311.73GHz,1938.48kHz,1.1mJy/beam@10km/s,81.9uJy/beam@native, XX YY]",A001:DA59 A002:DA49 A004:DA41 A006:DA61 A009:DV18 A010:DV25 A014:DV09 A015:DV04 A017:DV22 A023:DA51 A034:DA46 A036:DV16 A037:DV19 A045:DA56 A049:DV11 A054:DV03 A060:DA60 A061:DA62 A065:DV06 A066:DA55 A067:DA42 A068:DA45 A069:DV14 A072:DV05 A075:DV24 A076:DA52 A077:DA58 A078:DV12 A079:DA64 A080:DV23 A081:DA53 A084:DV07 A085:DA47 A087:DV10 A088:DA57 A089:DA50 A090:DV01 A091:DA63 A092:DV17
W0410-0913,4,2.4961486,W0410-09_a_04_TM1,62563.99033358776,0.1555632689486305,62.54417083334074,-9.218119444445804,0.011252177062229389,13003.2,58094.186513,0.0100610529184394,0.4407588803140815,2019-01-26,2000000000.0,150.74688215500402,"[135.76..137.74GHz,31250.00kHz,414uJy/beam@10km/s,19.8uJy/beam@native, XX YY] U [137.65..139.63GHz,31250.00kHz,393uJy/beam@10km/s,18.9uJy/beam@native, XX YY] U [148.07..150.06GHz,31250.00kHz,403.3uJy/beam@10km/s,20.1uJy/beam@native, XX YY] U [149.75..151.74GHz,31250.00kHz,440.8uJy/beam@10km/s,22.1uJy/beam@native, XX YY]",A007:DV05 A015:DA64 A027:DV06 A042:DV08 A060:DV17 A068:DA65 A069:DV16 A070:DV22 A072:DV20 A073:DA54 A074:DV09 A075:DA52 A076:DA59 A082:DV24 A085:DA63 A086:DV12 A087:DV25 A088:DV04 A089:DA61 A090:DA56 A091:DA58 A092:DV14 A093:DA57 A094:DV19 A096:PM01 A101:DA62 A104:DA47 A108:DA50 A110:DA41 A111:PM02 A115:DA43 A116:DV07 A118:DV01 A120:DA44 A121:DA55 A122:DV11 A123:DA42 A124:DA51 A125:DA53 A126:DV10 A127:DA49 A128:DV13 A129:DA46 A130:DV15 A132:DV23 A133:PM04 A134:DV03 A135:DA45 T702:PM03
J2253+1608,9,0.3121407,NGC34_a_09_TM1,3459.3335570206864,0.04113725973187732,343.49061642085815,16.148211352779246,0.0023964489533516075,151.2,57960.335405,0.7194787062694682,13.663364941640566,2018-08-11,2000000000.0,676.0623515876567,"[671.05..672.92GHz,7812.50kHz,13.3mJy/beam@10km/s,1.5mJy/beam@native, XX YY] U [672.82..674.80GHz,31250.00kHz,13.1mJy/beam@10km/s,1.4mJy/beam@native, XX YY] U [675.07..677.05GHz,31250.00kHz,13.7mJy/beam@10km/s,1.5mJy/beam@native, XX YY] U [676.98..678.85GHz,7812.50kHz,13.4mJy/beam@10km/s,1.5mJy/beam@native, XX YY]",A001:DA59 A002:DA49 A004:DA41 A009:DV18 A015:DA61 A069:DA55 A070:DA48 A071:DA52 A072:DA53 A073:DV22 A075:DV11 A076:DV17 A078:DV08 A079:DA54 A084:DV04 A085:DA56 A086:DV01 A087:DV25 A089:DV06 A090:DV24 A091:DA45 A092:DV14 A093:DV20 A094:DV19 A096:DV09 A098:DV05 A099:DA63 A100:DA65 A101:DA62 A102:DV03 A103:DV16 A104:DA58 A108:DA50 A111:PM02 A115:DA43 A121:DV12 A123:DA42 A124:DA51 A126:DV10 A128:DV13 A129:DA46 A131:PM03 A132:DV23
J1743-0350,9,0.35505503,IRAS_F17_a_09_TM1,3537.3544360838987,0.03514179386750991,265.99523389170713,-3.83461575555671,0.0024501358451791203,616.896,57974.146508,0.4359971580158821,8.083007428265942,2018-09-04,2000000000.0,661.2620315226302,"[656.33..658.20GHz,7812.50kHz,8.5mJy/beam@10km/s,923uJy/beam@native, XX YY] U [658.07..660.05GHz,31250.00kHz,8.6mJy/beam@10km/s,903.1uJy/beam@native, XX YY] U [660.27..662.25GHz,31250.00kHz,8.1mJy/beam@10km/s,848.9uJy/beam@native, XX YY] U [662.12..663.99GHz,7812.50kHz,7.6mJy/beam@10km/s,824uJy/beam@native, XX YY]",A001:DA59 A009:DV18 A015:DA61 A027:DV06 A069:DA55 A070:DA48 A071:DA52 A073:DV22 A074:DA47 A076:DV17 A078:DV08 A079:DA54 A084:DV04 A087:DV25 A090:DV24 A091:DA45 A092:DV14 A093:DV20 A094:DV19 A097:DA60 A098:DV05 A100:DA65 A101:DA62 A102:DV03 A103:DV16 A104:DA58 A105:DV02 A108:DA50 A110:DA41 A111:PM02 A115:DA43 A116:DV07 A118:DV01 A120:DA44 A121:DV12 A122:DV11 A123:DA42 A125:DA53 A126:DV10 A127:DA49 A128:DV13 A129:DA46 A131:PM03 A132:DV23 A133:PM04
J0522-3627,9,0.38776815,IRAS_F05_a_09_TM1,3539.27611308574,0.03202576334499992,80.74160416663167,-36.45856972222842,0.002451483988578794,2068.416,58001.448557,0.3228327575995995,5.5559614658774725,2018-09-15,2000000000.0,660.8998653076171,"[655.97..657.84GHz,7812.50kHz,6.3mJy/beam@10km/s,685.6uJy/beam@native, XX YY] U [657.70..659.69GHz,31250.00kHz,6.1mJy/beam@10km/s,638.2uJy/beam@native, XX YY] U [659.91..661.89GHz,31250.00kHz,5.6mJy/beam@10km/s,583.3uJy/beam@native, XX YY] U [661.76..663.63GHz,7812.50kHz,6.4mJy/beam@10km/s,694.5uJy/beam@native, XX YY]",A001:DA59 A007:DV09 A009:DV18 A015:DA61 A027:DV06 A065:DA64 A069:DA55 A070:DA48 A071:DA52 A073:DV22 A074:DA47 A075:DV11 A076:DV17 A078:DV08 A079:DA54 A084:DV04 A085:DA56 A087:DV25 A090:DV24 A091:DA45 A092:DV14 A093:DV20 A094:DV19 A096:DV09 A096:PM01 A097:DA60 A098:DV05 A100:DA65 A101:DA62 A102:DV03 A103:DV16 A104:DA58 A105:DV02 A108:DA50 A110:DA41 A111:PM02 A115:DA43 A116:DV07 A118:DV01 A120:DA44 A121:DV12 A122:DV11 A123:DA42 A124:DA51 A125:DA53 A126:DV10 A127:DA49 A128:DV13 A129:DA46 A130:DV15 A131:PM03 A132:DV23 A133:PM04 A135:DA57
J112657.76+163912.0,6,1.2734966,J112657._b_06_TM1,9986.22572475269,0.09286109090853613,171.74066666670097,16.65333333333638,0.0070485677066592315,2376.864,60107.046333,0.01630255562911547,0.5294713919956094,2024-06-20,2000000000.0,221.4772660670541,"[220.48..222.47GHz,31250.00kHz,529.5uJy/beam@10km/s,32.2uJy/beam@native, XX YY] U [222.48..224.47GHz,31250.00kHz,519.1uJy/beam@10km/s,31.7uJy/beam@native, XX YY] U [234.54..236.41GHz,7812.01kHz,508.8uJy/beam@10km/s,32.9uJy/beam@native, XX YY] U [236.48..238.47GHz,31250.00kHz,535.8uJy/beam@10km/s,33.7uJy/beam@native, XX YY]",A015:DV21 A027:DV03 A042:DA58 A060:DV20 A069:DV18 A075:DA54 A076:DV04 A082:DA48 A083:DA41 A085:DA53 A086:DV07 A087:DV08 A088:DV22 A090:DA59 A091:DA43 A092:DV05 A093:DV13 A094:DV14 A096:DV06 A101:DA45 A105:DV15 A108:DV16 A110:DA64 A111:DV24 A115:DA63 A116:DV17 A118:DV10 A120:DA44 A121:DV12 A122:DA46 A123:DA51 A124:DA47 A125:DA65 A127:DV01 A128:DA60 A129:DA42 A130:DV02 A131:DV11 A132:DA56 A134:DA55 A135:DA49 P401:DA52 W207:DA62
J091624.75+073021.8,6,0.629864,J091624._b_06_TM1,10136.298218740068,0.11181360913954008,139.1031249999461,7.506055555560036,0.007156679381127331,2413.152,60099.833972,0.013858090359011626,0.44614598893839363,2024-06-16,2000000000.0,218.0104141116586,"[217.02..219.00GHz,31250.00kHz,446.1uJy/beam@10km/s,26.9uJy/beam@native, XX YY] U [219.02..221.00GHz,31250.00kHz,464.7uJy/beam@10km/s,28.1uJy/beam@native, XX YY] U [231.08..232.94GHz,7812.01kHz,428.3uJy/beam@10km/s,27.5uJy/beam@native, XX YY] U [233.02..235.00GHz,31250.00kHz,454.1uJy/beam@10km/s,28.4uJy/beam@native, XX YY]",A008:DA52 A015:DV21 A027:DV03 A042:DA58 A066:DA62 A068:DV09 A069:DV18 A070:DV11 A072:DV23 A075:DA54 A076:DV04 A082:DA48 A083:DA41 A085:DA53 A086:DV07 A087:DV08 A089:DA50 A090:DA59 A091:DA43 A092:DV05 A093:DV13 A096:DV06 A101:DA45 A105:DV15 A108:DV16 A110:DA64 A111:DV24 A115:DA63 A116:DV17 A118:DV10 A120:DA44 A121:DV12 A122:DA46 A123:DA51 A124:DA47 A126:DV25 A128:DA60 A129:DA42 A130:DV02 A132:DA56 A135:DA49
J091624.75+073021.8,6,0.4444978,J091624._a_06_TM1,10135.548336345008,0.020825285425921058,139.10312499997698,7.5060555555568955,0.0071566807128101845,6931.008,60158.700052,0.01303560072498506,0.4116585253510906,2024-12-28,2000000000.0,218.01041647422414,"[217.02..219.00GHz,31250.00kHz,411.7uJy/beam@10km/s,24.8uJy/beam@native, XX YY] U [219.02..221.00GHz,31250.00kHz,437.5uJy/beam@10km/s,26.5uJy/beam@native, XX YY] U [231.08..232.94GHz,7812.01kHz,419.4uJy/beam@10km/s,26.9uJy/beam@native, XX YY] U [233.02..235.00GHz,31250.00kHz,418.9uJy/beam@10km/s,26.2uJy/beam@native, XX YY]",A090:PM01 A108:DV16 A118:DV10 A120:DA44 A121:DV12 A122:DA46 A123:DA51 A124:DA47 A125:DA65 A126:DV25 A127:DV01 A128:DA60 A129:DA42 A130:DV02 A131:DV11 A132:DA56 A133:DA49 A134:DV17 A135:PM04 A136:DV13 P401:DA52 P402:DA41 P403:DV24 P404:DV09 P405:DV22 P406:DA45 P407:DV06 P408:DA63 P409:DA50 P410:DV20 P411:DV04 P412:DA57 P413:DV15 S301:DV21 S302:DV14 S303:DA54 S304:DA64 S305:DA58 S306:DA48 S307:DV18 S308:DV08 W201:DA55 W202:DV07 W205:DV05 W206:DV03 W207:DA62 W208:DA43 W209:DA53 W210:DV23
J112657.76+163912.0,6,1.1511946,J112657._a_06_TM1,9985.775820625176,0.020728858031150314,171.7406666666534,16.653333333335592,0.007048567850841763,7130.592,60161.771623,0.01583835337286816,0.5118776364877023,2024-08-31,2000000000.0,221.47726504092253,"[220.49..222.47GHz,31250.00kHz,511.9uJy/beam@10km/s,31.1uJy/beam@native, XX YY] U [222.49..224.47GHz,31250.00kHz,502.3uJy/beam@10km/s,30.7uJy/beam@native, XX YY] U [234.54..236.41GHz,7812.01kHz,506.6uJy/beam@10km/s,32.8uJy/beam@native, XX YY] U [236.49..238.47GHz,31250.00kHz,513uJy/beam@10km/s,32.3uJy/beam@native, XX YY]",A090:PM01 A108:DV16 A118:DV10 A120:DA44 A121:DV12 A122:DA46 A123:DA51 A124:DA47 A125:DA65 A126:DV25 A127:DV01 A128:DA60 A129:DA42 A130:DV02 A131:DV11 A132:DA56 A133:DA49 A134:DV17 A135:PM04 A136:DV13 P401:DA52 P402:DA41 P403:DV24 P404:DV09 P406:DA45 P407:DV06 P408:DA63 P410:DV20 P411:DV04 P412:DA57 P413:DV15 S301:DV21 S302:DV14 S303:DA54 S304:DA64 S305:DA58 S306:DA48 S307:DV18 S308:DV08 S309:DA61 T702:PM03 W201:DA55 W202:DV07 W205:DV05 W206:DV03 W207:DA62 W208:DA43 W209:DA53 W210:DV23
J1232-0224,3,1.7877514,ngc4418_a_03_TM1,3077.8031746263237,0.0637346924135408,188.00006670831868,-2.401331961111936,0.015530933144042082,2068.416,58022.785609,0.01856658263271653,0.8617424251138134,2018-11-16,1875000000.0,97.3944783085087,"[96.46..98.33GHz,1128.91kHz,861.7uJy/beam@10km/s,35.9uJy/beam@native, XX YY] U [98.17..100.04GHz,1128.91kHz,854.6uJy/beam@10km/s,35.9uJy/beam@native, XX YY] U [108.21..110.08GHz,1128.91kHz,816.2uJy/beam@10km/s,36uJy/beam@native, XX YY] U [109.96..111.83GHz,1128.91kHz,939.7uJy/beam@10km/s,41.7uJy/beam@native, XX YY]",A007:DV09 A015:DA61 A027:DV06 A074:DA47 A087:DV25 A090:DV24 A091:DA45 A092:DV14 A093:DV20 A096:PM01 A104:DA58 A108:DA50 A110:DA41 A111:PM02 A115:DA43 A116:DV07 A118:DV01 A121:DA55 A122:DV11 A123:DA42 A124:DA51 A126:DV10 A127:DA49 A128:DV13 A129:DA46 A130:DV15 A131:PM03 A132:DV23 A133:PM04 A135:DA57 P401:DA65 P409:DV04 P410:DA64 S301:DA60 S303:DA63 S307:DV05 S309:DA56 W202:DA54 W207:DV17 W209:DA48 W210:DV22
